"trddt","s600036","s600519","s600900","s601088","s601288","s601398","s601628","s601857","s601988","s300750"
2022-01-04,-0.007391,0.0006,0.006167,0.009325,0,0.008639,0.007311,0.00611,0.006557,-0.032517
2022-01-05,0.014478,-0.013275,-0.002189,-0.014518,0.010204,0.008565,0.007258,0.004049,0.006515,-0.037583
2022-01-06,-0.018349,-0.020642,-0.034226,-0.008036,-0.003367,-0.002123,-0.011137,0.004032,0,-0.011014
2022-01-07,0.018692,-0.02029,0.006815,0.013051,0.010135,0.008511,0.011593,0.058233,0.016181,-0.0029
2022-01-10,0.00367,0.012358,0.01083,0.011995,0,0.00211,-0.017354,0.005693,-0.003185,-0.002778
2022-01-11,0.012594,-0.012945,0.004464,-0.003512,0.003344,0,0.004998,-0.011321,0.003195,-0.003158
2022-01-12,-0.001805,0.01363,-0.010222,0.005727,-0.006667,-0.006316,-0.001989,0.017176,-0.006369,0.052804
2022-01-13,-0.008441,-0.045557,0.004041,0.015769,0.010067,0.002119,-0.002326,0.028143,0.00641,-0.000071
2022-01-14,-0.026753,-0.005534,0.004025,-0.028892,-0.013289,-0.010571,-0.034299,-0.034672,-0.015924,0.021947
2022-01-17,0.011662,-0.002887,0.007572,-0.005773,-0.006734,-0.00641,-0.004138,0.005671,0,0.051005
2022-01-18,0.008851,0.01647,0.01061,0.04243,0.013559,0.008602,0.005886,0.031955,0.009709,-0.033039
2022-01-19,0.014079,0.010427,0.003937,0.007284,-0.003344,0.002132,0.003787,0.001821,-0.003205,-0.028647
2022-01-20,0.033602,0.030084,0.005664,0.015738,0.006711,0.010638,0.020576,-0.018182,0.003215,-0.001509
2022-01-21,0.00876,0.007855,-0.004333,0.005444,0,-0.010526,-0.007392,-0.042593,0,0.000633
2022-01-24,0.000579,-0.017527,-0.005657,0.004581,-0.003333,0,-0.011848,0.025145,0,0.020194
2022-01-25,-0.018322,-0.003692,-0.017943,-0.029851,-0.013378,-0.006383,-0.021925,-0.030189,-0.009615,-0.026489
2022-01-26,0.001965,0.006176,0.005793,-0.009829,0.00339,0.004283,0.003503,0.027237,0,0.03872
2022-01-27,-0.00451,0.005115,-0.008418,0.013379,-0.003378,-0.002132,-0.02199,-0.007576,0,-0.021294
2022-01-28,-0.030727,-0.039695,-0.020554,-0.040034,0.00339,-0.004274,-0.016417,-0.041985,0,0.030627
2022-02-07,0.043487,-0.01009,0.021442,0.043035,0.013514,0.017167,0.023222,0.091633,0.012945,-0.022207
2022-02-08,0.007011,-0.015504,0.03707,0.061676,0.02,0.023207,0.02305,0.009124,0.01278,-0.066582
2022-02-09,-0.00174,0.030984,0.004737,-0.020833,-0.003268,-0.002062,-0.000347,-0.009042,-0.003155,0.011722
2022-02-10,0.001744,-0.01212,0.019288,0.047463,0.009836,0.004132,0.020804,0.007299,0.009494,-0.05318
2022-02-11,0.020306,-0.012296,-0.001682,0.019922,0,0.002058,0.07337,0.050725,0,-0.054256
2022-02-14,-0.029568,0.010108,-0.014743,-0.013022,-0.012987,-0.014374,-0.025316,0.003448,-0.00627,0.036756
2022-02-15,-0.019141,0.011746,-0.012398,-0.025999,-0.006579,-0.008333,-0.003247,-0.02921,-0.006309,0.037402
2022-02-16,0.016926,0.001021,-0.000433,0.003586,0.006623,0.004202,0.001954,-0.00177,0.006349,0.007211
2022-02-17,0.007637,-0.002938,0.006496,0.004764,0,0,-0.010728,0.010638,0.003155,0.007913
2022-02-18,0.01166,0.010604,-0.00043,0.018965,0.003289,0.006276,0.003943,-0.012281,0.006289,-0.014019
2022-02-21,-0.005763,-0.015737,-0.007749,0.02404,-0.006557,0.002079,-0.012439,-0.010657,-0.00625,-0.033175
2022-02-22,-0.010433,-0.036825,-0.009111,0.007194,-0.006601,-0.008299,-0.006629,0.041293,-0.003145,-0.011765
2022-02-23,-0.007614,0.010587,-0.001751,-0.040977,0,-0.002092,-0.004671,-0.022414,-0.003155,0.029762
2022-02-24,-0.015935,-0.034428,-0.00614,-0.000392,-0.013289,-0.014675,-0.029836,0.042328,-0.015823,-0.021773
2022-02-25,-0.004198,0.019812,0.003972,-0.036471,0,-0.006383,-0.000346,-0.030457,0,0.04156
2022-02-28,-0.000201,-0.004814,0.018901,0.027269,0.003367,-0.002141,-0.005185,0.006981,-0.003215,0.008623
2022-03-01,0.008835,0.038025,0.003883,0.032092,0.006711,0.004292,0.017721,-0.006932,0.006452,0.005287
2022-03-02,-0.015326,-0.007318,0.012892,0.009597,0,0.004274,-0.012291,0.019197,0.003205,-0.041665
2022-03-03,0.005256,-0.024327,0.016122,0.025475,0.003333,0.008511,-0.003802,0.015411,0.00639,-0.001654
2022-03-04,-0.020712,-0.010833,0,0.00927,-0.003322,-0.004219,-0.004858,-0.020236,0,-0.041326
2022-03-07,-0.039836,-0.041281,-0.005428,-0.006245,-0.01,-0.014831,-0.030683,0.022375,-0.006349,-0.075032
2022-03-08,-0.027374,0.027065,-0.026029,-0.043993,0,-0.006452,-0.035971,-0.006734,-0.009585,0.001231
2022-03-09,-0.023967,0.014819,-0.009483,0.04099,-0.010101,-0.012987,-0.03209,-0.027119,-0.006452,0.039565
2022-03-10,0.006984,0.008571,-0.011749,-0.013001,0,0,-0.000386,-0.013937,0,0.036623
2022-03-11,-0.005593,-0.014166,-0.004844,0.01242,0.010204,0.010965,0.006556,-0.014134,0.006494,0.005583
2022-03-14,-0.051744,-0.039011,-0.004425,-0.026022,0,-0.004338,-0.017241,-0.021505,-0.003226,-0.061898
2022-03-15,-0.064057,-0.057059,-0.06,-0.079008,-0.013468,-0.010893,-0.059649,-0.084249,-0.019417,0.000432
2022-03-16,0.079341,0.044885,0.058156,0.027766,0.003413,0.002203,0.036899,0.016,0.013201,0.08614
2022-03-17,0.045326,0.026986,-0.021448,-0.017339,-0.003401,-0.006593,0.026789,0.009843,-0.003257,0.042536
2022-03-18,0.037295,-0.007185,-0.005479,0.027082,0.010239,0.006637,0.031153,0.023392,0.013072,-0.026692
2022-03-21,-0.029456,-0.002044,-0.005969,0.042749,-0.006757,-0.002198,-0.025302,-0.009524,-0.003226,0.018609
2022-03-22,0.016068,-0.005457,0.018014,0.029885,0.017007,0.011013,0.000775,0.028846,0.019417,-0.013462
2022-03-23,0.005052,0.03374,-0.006806,-0.012277,0,-0.004357,-0.005033,-0.005607,-0.003175,0.004464
2022-03-24,0.000219,-0.017841,-0.014619,0.024482,0,0.002188,-0.006226,0.005639,0,-0.002503
2022-03-25,-0.012891,-0.017973,-0.012054,-0.000735,-0.003344,0.008734,-0.008614,0.003738,0.006369,-0.02321
2022-03-28,-0.002877,-0.017278,0.020648,0.075055,0.013423,0.015152,-0.00158,0.035382,0.003165,-0.030016
2022-03-29,-0.000888,0.003733,0.002759,0.029432,0.003311,0.006397,-0.011867,0.010791,0.006309,-0.000205
2022-03-30,0.027105,0.037852,0.004127,-0.034907,0.006601,-0.002119,0.040833,-0.016014,0.009404,0.065927
2022-03-31,0.01233,-0.006416,0.004566,0.025491,0.009836,0.012739,0.009231,-0.001808,0.015528,-0.012909
2022-04-01,0.00641,0.035492,0.01,-0.008062,0,0.004193,0.033155,-0.009058,0.006116,0.012883
2022-04-06,0.006157,-0.008433,0.006301,-0.011175,0.006494,0.008351,0.002582,0.025594,0.00304,-0.020678
2022-04-07,-0.011184,0,0.013864,0.019863,-0.003226,-0.00207,-0.02465,-0.008913,-0.006061,-0.025484
2022-04-08,0.006829,0.010765,0.023379,0.026528,0.003236,-0.002075,0.020747,0.003597,0.003049,-0.000444
2022-04-11,-0.02713,-0.035874,-0.011207,0.02388,-0.009677,-0.006237,-0.021064,-0.014337,-0.00304,-0.072727
2022-04-12,-0.004357,0.036047,0.004359,-0.011182,0.003257,0,0.025293,-0.007273,0.006098,0.028322
2022-04-13,0.001094,-0.007295,0.00217,0.033603,-0.003247,0.002092,-0.011046,0.010989,-0.00303,-0.012712
2022-04-14,0.000219,0.022612,0.006496,0.009065,0,-0.004175,0.003351,0.014493,-0.00304,-0.013305
2022-04-15,0.023383,-0.001664,0.006885,-0.038724,0,-0.002096,-0.000742,-0.010714,0,-0.019443
2022-04-18,-0.073457,-0.0084,-0.019231,-0.03416,-0.009772,-0.008403,-0.02785,-0.025271,-0.015244,0.000311
2022-04-19,-0.02973,-0.00029,0.010458,0.027694,0.006579,0.002119,-0.008785,0.037037,0.009288,-0.023814
2022-04-20,-0.023753,0.003742,0.0069,-0.04026,0,0.002114,-0.013487,-0.033929,0.003067,-0.075546
2022-04-21,0.00438,-0.009471,0.008137,-0.011502,0.003268,0.008439,0.010937,-0.046211,0,0.005184
2022-04-22,0.029554,-0.003921,0.006372,0.016085,0.006515,0.012552,0.023957,0.023256,0.009174,0.015228
2022-04-25,-0.086353,-0.036661,-0.032503,-0.033345,-0.009709,-0.018595,-0.045283,-0.043561,-0.009091,-0.060769
2022-04-26,-0.010816,0.014333,0.01178,-0.008014,0.003268,0.012632,-0.02253,-0.011881,0.003058,-0.033581
2022-04-27,-0.009633,0.036041,-0.013368,0.017562,-0.013029,-0.02079,0.011727,0.018036,-0.015244,0.079708
2022-04-28,0.041535,0.02233,0.005682,0.077321,0.009901,0.012739,-0.020783,0.019685,0.009288,-0.048028
2022-04-29,0.007824,-0.003608,-0.012603,-0.013778,0,0.002096,0.038776,0.03861,-0.009202,0.056387
2022-05-05,-0.016779,0.004715,0.015845,-0.004873,0.006536,-0.006276,0.003929,0.013011,0,-0.081471
2022-05-06,-0.034386,-0.023952,-0.015598,-0.012733,-0.00974,-0.002105,-0.017613,-0.029358,-0.012384,-0.000027
2022-05-09,-0.037985,-0.022867,-0.016725,-0.020833,0.006557,0.004219,0.019522,0.009452,0,-0.019921
2022-05-10,0.013984,0.008099,0.022381,-0.031408,0.006515,-0.006303,-0.001563,-0.029963,0.003135,0.028955
2022-05-11,0.00622,0.001025,-0.012697,0.019526,-0.012945,-0.014799,-0.005871,0.001931,0,0.08065
2022-05-12,-0.016125,-0.003015,-0.010643,-0.02052,-0.006557,-0.002146,-0.005906,-0.011561,0,-0.015229
2022-05-13,0.01475,0.008833,0.041237,0.075419,0.006601,0.010753,0.001188,0.005848,0.003125,0.027979
2022-05-16,-0.006999,-0.011382,-0.010331,0.006494,-0.003279,-0.004255,-0.008703,0.001938,-0.006231,-0.01878
2022-05-17,0.046354,0.005688,0.000435,0.013871,-0.006579,-0.004274,0.003591,0.011605,0.003135,0.038205
2022-05-18,-0.002591,-0.003959,-0.009565,-0.008591,0,-0.008584,-0.013519,-0.00956,-0.003125,-0.008425
2022-05-19,-0.012208,-0.002839,0.021949,-0.006098,0,-0.002165,-0.011689,-0.007722,-0.003135,0
2022-05-20,0.050749,0.025063,0.000859,0.044559,0,0.004338,0.016313,0.015564,0.003145,0.018854
2022-05-23,-0.011762,-0.010561,-0.017167,0.004019,-0.003311,-0.00216,-0.004414,0,0.003135,-0.023893
2022-05-24,-0.01494,-0.011791,-0.000437,0.000924,0.006645,0.010823,-0.013301,-0.007663,0,-0.035181
2022-05-25,-0.003085,-0.002551,0.01398,0.019071,0,-0.002141,-0.011438,0.027027,0,-0.007611
2022-05-26,-0.009025,-0.00724,0.02542,0.006037,0.0033,-0.002146,0.004132,0.007519,0.003125,-0.022482
2022-05-27,0.017955,0.007092,-0.003361,0.034803,0,0.004301,0.004527,0.035448,0.003115,0.011256
2022-05-30,-0.001278,0.013247,0.000843,-0.015367,-0.006579,-0.004283,0.002048,-0.003604,-0.006211,0.018763
2022-05-31,0.015869,0.014406,0.011794,0,0.003311,0.002151,0.015944,0.023508,-0.003125,0.015431
2022-06-01,0,-0.008747,0.008743,-0.005006,-0.006601,-0.002146,-0.002012,-0.019435,0,0.04174
2022-06-02,-0.0194,-0.001258,-0.012794,-0.017757,0,-0.004301,0.012903,-0.014414,0,0.027692
2022-06-06,0.001285,0.00112,0.008779,0.025309,-0.006645,-0.006479,-0.002389,0.005484,-0.003135,0.066827
2022-06-07,0.009751,0.016723,-0.019063,-0.009697,0,0.002174,0.002793,0,0.003145,-0.015
2022-06-08,0.004574,0.026239,0.004225,0.044214,0,0.006508,0.001592,0.025455,0,0.002179
2022-06-09,0.019226,-0.006754,-0.002524,-0.01023,0.003344,0.00431,0.01033,0.028369,0.00627,-0.062283
2022-06-10,-0.004219,0.025688,0.013075,-0.000574,0.006667,0.006438,0.009044,0.015517,0.006231,0.05251
2022-06-13,-0.038634,-0.023466,-0.030808,-0.031026,-0.006623,-0.004264,-0.020265,0,-0.006192,-0.024163
2022-06-14,0.017371,0.008082,0.030928,0.023125,0.006667,0.010707,0.043357,0.054329,0.006231,-0.002731
2022-06-15,0.0316,0.002191,-0.01375,-0.023471,0.003311,0.002119,0.099886,-0.012882,0,0.053959
2022-06-16,-0.012846,0.001013,-0.018589,-0.038576,-0.009901,-0.006342,-0.030849,-0.034258,0,-0.011511
2022-06-17,-0.002753,0.039425,0.015928,0.004938,0.003333,0.010638,0.015737,-0.015203,0,0.055964
2022-06-20,-0.003764,-0.004603,-0.019915,-0.046683,-0.003322,-0.010526,0.016901,-0.06518,-0.003096,0.042094
2022-06-21,0.015869,0.001916,0.000865,0.00451,0.003333,0.012766,0.042244,-0.001835,0.009317,0.002626
2022-06-22,-0.025291,-0.005006,0.00216,-0.014432,0,-0.002101,-0.00598,-0.022059,-0.006154,-0.001674
2022-06-23,0.021114,0.010899,-0.00431,0.020501,0.003322,0.004211,0.047794,0.015038,0.006192,0.059112
2022-06-24,0.001495,0.026524,0.011688,-0.005102,-0.003311,-0.006289,0.013397,-0.011111,0,0.049407
2022-06-27,0.026119,0.000767,-0.002567,0.039103,0,-0.006329,-0.010072,0.009363,0,-0.025732
2022-06-28,0.000727,0.012658,-0.00858,0.012955,0,0.004246,-0.03275,0.013233,0,-0.009107
2022-06-29,-0.006541,-0.002947,0.001731,0.003959,0.003322,0.008457,0.002959,-0.009328,0.003077,-0.021066
2022-06-30,0.029017,0.018259,-0.001296,0.010009,0,0,0.018682,-0.001883,0,0.002742
2022-07-01,-0.019431,-0.0078,0.051903,-0.005405,-0.003311,0,-0.002574,-0.00566,0,-0.021273
2022-07-04,-0.007975,-0.005446,0.001234,0.008454,0.003322,0,-0.015484,0.00759,0.009202,-0.001225
2022-07-05,-0.001705,0.007438,-0.004517,0.02994,0.003311,0.006289,0.010485,0.016949,0.00304,0.003582
2022-07-06,-0.028795,-0.015253,-0.007426,-0.059593,-0.0033,-0.004167,-0.011025,-0.033333,-0.00303,-0.00357
2022-07-07,-0.001256,-0.005994,0.001663,0.026275,0,-0.004184,-0.011148,-0.011494,0,0.05364
2022-07-08,0.001509,0.004523,0.004149,0.00753,0.003311,0.002101,0.002984,0.005814,0.00304,-0.016364
2022-07-11,-0.009294,-0.017709,0.020248,-0.061792,0.0033,0.004193,-0.007273,-0.011561,0.006061,-0.04159
2022-07-12,-0.00355,-0.007736,0.008505,0.025172,0,0.002222,-0.005661,-0.001949,0.003012,-0.028563
2022-07-13,-0.035623,0.005379,0.002811,-0.012109,-0.009868,-0.019956,-0.014735,-0.005859,-0.012012,0.070103
2022-07-14,-0.037467,-0.003007,-0.004405,0.00681,-0.019934,-0.011312,-0.010775,-0.003929,-0.018237,0.031558
2022-07-15,-0.002574,-0.001792,-0.022526,0.006087,0.007299,-0.009153,-0.016514,-0.011834,-0.003322,-0.041384
2022-07-18,0.021795,0.001108,0.026749,0.026218,0.014493,0.009238,0.028939,0.027944,0.006667,0.035009
2022-07-19,0.002245,-0.004386,0.004008,-0.014412,0.014286,0.004577,-0.011111,0.009709,0.006623,-0.049034
2022-07-20,0.00392,0.003602,-0.004391,-0.011299,0.003521,0.01139,0.015801,0.007692,0.013158,0.00265
2022-07-21,-0.010879,-0.005692,-0.004561,-0.055798,-0.010526,-0.011261,-0.025233,-0.009542,-0.006494,-0.009506
2022-07-22,0.003666,0.004126,0.004998,0.0089,0.010638,0.004556,0.000709,0.001927,0.006536,0.021113
2022-07-25,0.007305,-0.001207,-0.001243,0.009174,0.003509,0.006803,-0.001417,-0.001923,0.003247,-0.019267
2022-07-26,0.013389,0.002859,0,0.015734,0,-0.004505,0.006742,0.011561,0.006472,0.000479
2022-07-27,-0.007707,-0.015696,-0.007469,-0.007573,-0.006993,-0.006787,-0.013747,-0.007619,-0.006431,-0.013027
2022-07-28,-0.00749,-0.011252,-0.000836,-0.003122,0.003521,0,0.004289,0.007678,-0.006472,0.000776
2022-07-29,-0.019843,0.000232,-0.000837,-0.022269,0,-0.002278,-0.008185,-0.009524,-0.003257,-0.013576
2022-08-01,-0.015683,-0.004288,-0.004188,0.0121,-0.003509,-0.002283,-0.013994,0.003846,-0.006536,0.05175
2022-08-02,-0.017671,-0.005459,-0.006728,-0.016526,-0.010563,-0.004577,-0.033843,-0.019157,-0.006579,-0.020657
2022-08-03,-0.025066,0.00267,-0.007621,-0.012513,-0.003559,-0.006897,-0.017326,-0.007813,-0.003311,-0.037929
2022-08-04,0.018149,0.016451,0.017491,-0.000362,0.021429,0.011574,0.016865,-0.001969,0.006645,-0.006151
2022-08-05,0.019014,0.004149,0.009644,-0.01159,0,0.004577,0.011685,-0.003945,0.0033,0.009483
2022-08-08,-0.01137,-0.006461,0.002492,0.021986,-0.006993,-0.009112,-0.012668,0.00198,-0.003289,-0.008207
2022-08-09,-0.009142,-0.0008,-0.004557,0.021513,0,-0.002299,-0.007925,0.007905,-0.0033,0.02006
2022-08-10,-0.013393,-0.017801,-0.005826,-0.004914,0,-0.002304,-0.011031,0.005882,0,-0.014817
2022-08-11,0.036501,0.016471,0.004604,0.003527,0.003521,0.006928,0.058077,0.011696,0.009934,0.011945
2022-08-12,0.000291,0.011065,0.009583,0.017223,-0.007018,0,0.015994,0.009634,-0.003279,-0.015686
2022-08-15,-0.018621,-0.004206,-0.00908,0.009675,0,-0.004587,-0.027549,-0.009542,-0.003289,0.028088
2022-08-16,0.005336,-0.001068,-0.004581,-0.001027,-0.003534,-0.002304,-0.015085,-0.009634,0,0.01492
2022-08-17,0.009732,0.000083,-0.014226,-0.004454,0.003546,0.002309,0.034367,0.003891,0.0033,0.044292
2022-08-18,-0.015187,-0.011731,-0.006791,-0.002753,-0.003534,-0.004608,-0.019863,-0.00969,-0.006579,-0.004022
2022-08-19,0.003855,-0.000259,0.00812,0.024845,0.003546,0.002315,0.001105,0.013699,0.003311,-0.023495
2022-08-22,-0.006795,-0.000544,-0.004663,0.015152,-0.003534,0,-0.003681,0.009653,-0.0033,0.036711
2022-08-23,-0.015467,-0.012656,-0.010647,0.013599,0,-0.002309,-0.004064,0.013384,-0.003311,0.009718
2022-08-24,-0.007855,-0.008455,-0.003013,0.009162,0,0,0.049703,0.00566,0,-0.05906
2022-08-25,0.025883,0.016611,0.018566,0.049935,0.003546,0.00463,0.031802,0.030019,0.006645,-0.019084
2022-08-26,0.000297,0.006897,-0.008478,-0.034589,-0.003534,0.002304,0.008219,-0.009107,-0.0033,-0.014047
2022-08-29,-0.012463,-0.010105,-0.003848,0.019834,0,-0.004598,-0.014266,0.007353,0,-0.009432
2022-08-30,0.015325,-0.004694,-0.000858,-0.04266,0,0.006928,0.01654,-0.001825,0.003311,-0.020916
2022-08-31,0.037289,0.028877,0.030069,-0.005898,0.010638,0.004587,0.040678,-0.023766,0.0033,-0.017294
2022-09-01,-0.015692,-0.022406,-0.002919,0.025379,-0.007018,-0.004566,-0.008143,0.003745,0.003289,-0.032008
2022-09-02,-0.005217,-0.003131,-0.003764,-0.014465,0,-0.002294,-0.024631,0.011194,-0.003279,-0.002738
2022-09-05,-0.002622,-0.021333,0,0.06197,0.003534,0.002299,0.005387,0.02583,0.003289,0.004504
2022-09-06,-0.017821,0.00545,-0.002939,0.009828,0,0,0.016075,0.008993,0.006557,-0.028098
2022-09-07,-0.007139,-0.014629,-0.007579,-0.008212,-0.003521,-0.002294,-0.002966,-0.005348,-0.003257,0.041125
2022-09-08,-0.002397,-0.001656,0.003394,-0.009506,0,0,0.01686,-0.008961,0,-0.051528
2022-09-09,0.036036,0.016413,0.010994,0.013313,0.003534,0.002299,0.024057,0.01085,0.006536,0.006051
2022-09-13,0.024638,0.018544,-0.005019,-0.008555,0.003521,0.004587,-0.00127,-0.007156,0,0.010371
2022-09-14,-0.013861,-0.005322,-0.003783,-0.003082,0,-0.004566,0.005404,-0.005405,-0.003247,-0.049485
2022-09-15,0.032989,0.005886,0.000844,0.001236,0.007018,0.006881,0.003478,0.003623,0.006515,-0.045936
2022-09-16,-0.029436,-0.01117,-0.010961,-0.044149,-0.006969,-0.006834,-0.021424,-0.030686,-0.012945,-0.010498
2022-09-19,0.004006,0.006799,0.000853,0.017442,0.007018,0.004587,-0.006439,-0.003724,0.009836,0.008951
2022-09-20,-0.015674,0.003398,-0.002555,-0.004762,-0.010453,-0.002283,-0.033052,0.001942,-0.003247,0.017744
2022-09-21,-0.003764,-0.015974,0.000427,-0.005423,0.007042,0,-0.00067,0.013566,0,-0.001686
2022-09-22,-0.006975,-0.014713,-0.000427,0.025978,0,0.004577,0.003018,0.021033,0,-0.012634
2022-09-23,0.00556,0.00748,-0.003843,-0.02532,0.006993,0.002278,0.032431,0.018727,0.009772,0.005663
2022-09-26,-0.011932,0.015574,-0.012002,-0.026299,-0.010417,-0.011364,-0.001943,-0.060662,-0.012903,0.027124
2022-09-27,-0.001473,0.013419,-0.015184,0.001318,-0.007018,-0.002299,0.009085,-0.001957,-0.003268,0.00196
2022-09-28,-0.006785,-0.002648,-0.010573,0.007895,0.007067,0.002304,0.012219,-0.005882,0.006557,-0.028121
2022-09-29,-0.015444,-0.001407,-0.002671,0.025131,-0.010526,-0.004598,0.009212,0.00789,-0.006515,0.005302
2022-09-30,0.015083,-0.004175,0.015179,0.007323,0.014184,0.004619,-0.004407,0.003914,0.013115,-0.043222
2022-10-10,-0.054978,-0.046195,0.027265,0.010746,0.003497,0.002299,-0.013911,0.02729,-0.006472,-0.02003
2022-10-11,-0.012579,-0.003365,0.002568,-0.01157,0,0.002294,-0.011222,-0.011385,-0.003257,0.059665
2022-10-12,-0.014331,-0.01123,-0.008967,0.010123,-0.003484,0.006865,0.042153,-0.001919,0.003268,0.051718
2022-10-13,-0.034249,-0.034097,-0.007324,-0.026934,0,-0.011364,0.009023,-0.013462,-0.006515,-0.013316
2022-10-14,0.039813,0.02213,-0.003472,0.015127,-0.003497,-0.002299,-0.036386,0.007797,0.003279,0.011366
2022-10-17,-0.001931,-0.010998,-0.008711,-0.011414,0,0.002304,0.01504,0.001934,-0.003268,-0.017303
2022-10-18,-0.007092,-0.007373,-0.009227,-0.006094,0,0,-0.044767,-0.003861,0,0.000443
2022-10-19,-0.017532,-0.033901,-0.007982,0.001613,-0.003509,-0.002299,-0.024422,-0.00969,0,0.004191
2022-10-20,-0.006279,-0.002731,-0.001341,-0.019008,0.003521,0.002304,0.008457,0.009785,0,-0.037882
2022-10-21,-0.016295,-0.011865,0.003133,0.012151,0.003509,0,-0.01476,0.005814,0.006557,-0.004819
2022-10-24,-0.052738,-0.075567,-0.025881,-0.031473,-0.003497,0.002299,-0.037113,-0.003854,-0.003257,-0.021743
2022-10-25,0.006067,-0.014341,0.008246,-0.00067,0,-0.004587,0.009194,-0.009671,-0.003268,-0.005742
2022-10-26,-0.009223,-0.01059,0,-0.027489,-0.007018,-0.013825,-0.009811,-0.007813,-0.003279,-0.001593
2022-10-27,0.000358,-0.043085,-0.046343,0.011031,-0.010601,-0.007009,-0.01097,0.005906,-0.003289,-0.026829
2022-10-28,-0.027201,-0.029265,-0.014769,0.001023,0,0,-0.024687,-0.007828,0.009901,-0.063541
2022-10-31,-0.013245,-0.007353,-0.020309,-0.0453,-0.014286,-0.023529,-0.024211,-0.055227,-0.01634,0.020192
2022-11-01,0.051081,0.08297,0.002962,0.013914,-0.01087,-0.016867,0.054511,0.012526,0.003322,0.035722
2022-11-02,0.008159,0.006806,0.00689,0.025686,-0.003663,-0.002451,-0.012121,0.008247,-0.006623,0.013723
2022-11-03,-0.013019,-0.022052,-0.02346,-0.010978,0,-0.002457,0.003609,0,0.003333,-0.018851
2022-11-04,0.03672,0.053539,0.008008,0.031564,0.011029,0.007389,0.059331,0.01227,0.009967,0.052796
2022-11-07,0.002751,-0.006238,0,0.014459,0,-0.002445,0.017651,0.020202,0,0.015084
2022-11-08,-0.000343,-0.01475,-0.004469,-0.008618,-0.007273,0.002451,0.00567,0.00198,0,-0.001705
2022-11-09,0.001029,-0.016823,0.003491,-0.016717,0.007326,0.002445,-0.014925,-0.007905,0,-0.031088
2022-11-10,0.000343,0.010343,-0.005964,0.00136,0.003636,0.002439,0.011111,-0.013944,0.003289,-0.029618
2022-11-11,0.07023,0.036034,0.0225,0.013582,0.01087,0.009732,0.044955,0.020202,0.003279,0.044589
2022-11-14,0.060819,0.003174,-0.013692,-0.041876,0.003584,0,0.035373,-0.00396,0,-0.038014
2022-11-15,0.004225,0.035877,0.041646,-0.00035,0,0.004819,0.000308,0,0,0.023245
2022-11-16,0.003005,-0.001732,0.001904,0.008744,-0.003571,-0.002398,-0.022769,0.005964,-0.003268,-0.030567
2022-11-17,-0.032055,-0.011512,0.009976,-0.020804,0,0.002404,0.014169,-0.003953,0,-0.023303
2022-11-18,-0.007428,0.000083,-0.009878,0.001416,0,0,-0.003415,-0.007937,-0.003279,0.015115
2022-11-21,-0.006236,-0.030087,0.0019,-0.010255,0,0.002398,-0.022741,-0.006,0.003289,0.004228
2022-11-22,0.018199,0.013138,0.012328,0.020722,0.007168,0.011962,0.04431,0.020121,0.009836,-0.019351
2022-11-23,-0.007088,0.005877,0.000468,0.026951,0.010676,0.007092,-0.000611,0.013807,0.006494,0.012053
2022-11-24,0,-0.018728,0.000936,0.002386,-0.003521,-0.002347,-0.00733,-0.005837,-0.003226,-0.007641
2022-11-25,0.024829,0.001329,0.020112,0.028902,0.014134,0.016471,0.034462,0.013699,0.012945,-0.011736
2022-11-28,-0.032102,-0.00797,-0.014214,0.003635,-0.003484,-0.018519,-0.007436,-0.013514,-0.00639,-0.005078
2022-11-29,0.090738,0.059025,-0.006047,-0.003951,0.006993,0.018868,0.072221,0.015656,0.009646,0.020496
2022-11-30,0.002869,0,-0.007019,0.009917,0,-0.00463,0.010341,0.009634,0.003185,0.018788
2022-12-01,0.001144,0.019887,-0.000471,-0.022586,-0.006944,-0.011628,-0.015768,-0.009542,-0.015873,0.026623
2022-12-02,-0.017429,0.001889,0.007544,-0.01574,0,-0.002353,-0.00787,0.001927,0,-0.008526
2022-12-05,0.049724,0.018985,0.008423,0.014971,0.01049,0.014151,0.050992,0.023077,0.016129,0.001097
2022-12-06,-0.006925,0.013875,-0.012993,0.004023,0,0.002326,-0.006739,-0.007519,0,0.019653
2022-12-07,-0.014784,-0.00237,-0.016455,-0.023706,-0.00346,-0.00464,-0.01981,-0.017045,-0.003175,0.045723
2022-12-08,0.003681,0.001793,-0.000956,-0.004788,0.006944,0.002331,0.006645,-0.007707,0.006369,0.005164
2022-12-09,0.036671,0.025477,0.000957,0.000344,-0.003448,0,-0.0044,-0.001942,0,0.009822
2022-12-12,-0.026122,0.005214,-0.011472,-0.02336,-0.010381,-0.006977,-0.023481,-0.009728,-0.009494,-0.02414
2022-12-13,0.009779,0.006314,-0.001934,0.007738,0.006993,0.007026,0.003112,0.001965,0.009585,-0.021576
2022-12-14,0.021306,0.011926,0.000484,0.005934,0.003472,-0.002326,-0.001974,0.007843,0,-0.007671
2022-12-15,-0.015714,0.009103,-0.006295,-0.015267,-0.00346,-0.006993,-0.005369,-0.009728,-0.006329,0.053443
2022-12-16,0.020919,-0.000067,0.016569,0.007047,0.006944,0.007042,0.012216,0.003929,0.012739,-0.013662
2022-12-19,-0.015907,-0.007762,-0.019655,-0.015395,-0.006897,-0.006993,-0.017962,-0.017613,-0.009434,0.005718
2022-12-20,-0.02137,-0.032713,-0.003423,-0.008173,-0.010417,-0.007042,-0.006573,-0.003984,-0.006349,-0.02588
2022-12-21,0.006439,0.013994,0.003925,-0.006449,0,0.004728,0.01985,-0.002,-0.003195,-0.006593
2022-12-22,0.015299,0.016676,-0.004888,-0.007573,0.003509,0.004706,0.011283,0.002004,0.00641,-0.011848
2022-12-23,-0.003562,0.001697,0.002456,0.005451,0.003497,-0.004684,0.014784,-0.004,-0.003185,-0.008756
2022-12-26,-0.011548,-0.016341,-0.00196,0,-0.006969,0.002353,-0.021715,0,-0.00639,0.013652
2022-12-27,0.020028,0.00747,0.008346,0.014456,0.014035,0.00939,0.036808,0.006024,0.012862,-0.000867
2022-12-28,0.017998,0,0.006329,0.003206,0.00346,0.004651,0.001355,0.007984,0.003175,-0.023713
2022-12-29,-0.002679,-0.008078,0.006289,-0.020952,-0.006897,-0.00463,-0.006225,-0.017822,-0.003165,-0.000102
2022-12-30,0.000806,0.004654,0.009615,0.001814,0.010417,0.009302,0.010893,0.002016,0.003175,-0.001371
2023-01-03,0.008588,0.001743,-0.004286,0.01412,-0.003436,-0.006912,-0.011315,0.008048,0,-0.009608
2023-01-04,0.028473,-0.00289,-0.003826,-0.009996,0.010345,0.011601,0.028065,-0.003992,0.012658,-0.014449
2023-01-05,-0.003881,0.044052,-0.00288,-0.004688,0,-0.006881,0.005301,-0.002004,0,0.061196
2023-01-06,-0.003117,0.001538,0.005778,0.000725,-0.003413,0.002309,-0.023728,-0.002008,0.003125,0.022453
2023-01-09,0.010943,0.020751,-0.005266,0.002896,0,-0.002304,0.006481,0.002012,-0.006231,-0.000144
2023-01-10,-0.014175,0.007196,-0.007218,-0.009386,-0.003425,-0.006928,-0.023343,-0.004016,-0.003135,0.036966
2023-01-11,0.017516,-0.005123,0.00921,0.050292,0,0.002326,0.016209,0.002016,0.003145,-0.009583
2023-01-12,0.00334,-0.005935,-0.006724,-0.000694,0.003436,-0.00232,0.003514,0.014085,0,0.013182
2023-01-13,0.015621,0.028899,0.012089,0.00625,0.006849,0.009302,0.025054,0.009921,0.012539,0.013841
2023-01-16,0.020424,0.013725,0.001911,-0.012422,-0.010204,0,-0.016294,0.003929,-0.006192,0.016223
2023-01-17,0.005189,-0.002562,-0.013829,0.001398,0,-0.002304,-0.035533,-0.005871,0.003115,-0.002284
2023-01-18,-0.007375,-0.007862,0.000967,-0.005234,0.003436,0.002309,0.00277,0.001969,-0.003106,0.006485
2023-01-19,0.006686,-0.006756,-0.013527,0.001754,0,-0.002304,-0.005801,0.001965,0.003115,-0.003857
2023-01-20,0.00984,-0.010743,0.029873,0.005252,0,0,0.003056,0.017647,0,0.011706
2023-01-30,0.023873,0.015048,-0.005706,-0.02264,0,-0.002309,-0.036011,0.003854,0.003106,0.041261
2023-01-31,-0.01951,-0.022373,-0.005739,0.011761,-0.003425,0,-0.021839,-0.007678,-0.003096,-0.01158
2023-02-01,-0.016258,-0.000428,0,-0.003875,0.003436,-0.002315,-0.002938,0.005803,0,0.024936
2023-02-02,-0.01258,-0.004802,0.007696,0.007426,0,-0.00232,-0.001473,-0.003846,-0.003106,-0.022441
2023-02-03,-0.018236,-0.009863,-0.001432,-0.008424,-0.003425,0,-0.011213,-0.001931,0,-0.02124
2023-02-06,-0.024173,-0.012651,0.002868,-0.004602,0.003436,-0.002326,-0.000597,-0.003868,-0.003115,-0.012275
2023-02-07,0.001565,0.001114,0.015253,0.001067,0,0,0.006271,0.003883,-0.003125,-0.005548
2023-02-08,0.002083,-0.007234,0.003286,-0.008526,0,0.002331,-0.008605,-0.003868,0.003135,-0.001986
2023-02-09,0,0.019058,-0.003744,0.0043,0.003425,0,0.023047,0.003883,0.003125,0.012925
2023-02-10,-0.008574,-0.0044,-0.003758,-0.011773,0,0.002326,0.001463,-0.005803,0.006231,-0.015541
2023-02-13,-0.01153,0.025608,-0.004715,-0.009747,-0.003413,-0.00464,0.010809,0.001946,-0.006192,0.031506
2023-02-14,0.007423,-0.006766,0.002369,0.003281,-0.003425,0.002331,0.018208,0.003883,-0.003115,-0.019457
2023-02-15,-0.021842,-0.001513,-0.005198,-0.011265,0,-0.002326,-0.013341,-0.003868,0,-0.005432
2023-02-16,0.00269,0.011309,-0.004751,-0.011393,0,-0.002331,-0.009781,0,0.003125,-0.012037
2023-02-17,-0.015025,-0.022043,-0.009069,0.004833,0.003436,0,0,0,0.003115,-0.051918
2023-02-20,0.048488,0.029778,0.020231,0.020348,0.006849,0.007009,0.051133,0.017476,0.006211,0.000666
2023-02-21,0.005196,-0.004267,0.004249,0.01124,0,0.00232,-0.000829,0.003817,0,-0.012985
2023-02-22,-0.013699,-0.016604,-0.006112,-0.001076,-0.003401,-0.00463,-0.008299,-0.003802,-0.003086,-0.013349
2023-02-23,0.002883,-0.009804,-0.002365,0.005743,0,0,-0.000279,0.001908,0,0.009183
2023-02-24,-0.021165,-0.016502,-0.003319,-0.006067,-0.003413,-0.002326,-0.00865,-0.00381,-0.003096,-0.018948
2023-02-27,-0.008009,0.012534,-0.00333,0.00395,0,0,0.004503,-0.003824,-0.003106,-0.010607
2023-02-28,0.004037,0.001839,0.010024,0.001431,0.003425,0.002331,0.002242,0.003839,0.006231,0.006981
2023-03-01,0.025194,0.013668,0.004253,0.002143,0,0,0.037182,0.00956,0.003096,0.01951
2023-03-02,0,-0.005727,-0.000471,0.004277,0,0.004651,-0.002426,0.015152,0.006173,-0.026665
2023-03-03,0,-0.005449,0.004237,0.009936,0.013652,0.009259,-0.003513,0.026119,0.015337,0.003792
2023-03-06,-0.03268,-0.005995,-0.003282,-0.011244,-0.003367,-0.002294,-0.023048,0.001818,0,0.015162
2023-03-07,-0.011892,-0.010425,-0.006115,0.025942,0.016892,0.009195,-0.014988,0.023593,0.009063,-0.015229
2023-03-08,-0.015317,-0.009998,-0.008045,-0.013509,0.003322,0.002278,-0.010989,-0.012411,-0.002994,-0.011114
2023-03-09,-0.011667,-0.000226,-0.007634,0.002458,-0.003311,-0.004545,-0.00114,0,0.006006,-0.00181
2023-03-10,-0.015458,-0.011311,-0.002404,-0.015061,-0.009967,-0.009132,-0.009983,-0.023339,-0.014925,0.022115
2023-03-13,0.000571,0.006857,0.009157,0.032006,0.010067,0.013825,0.017574,0.044118,0.006061,-0.033983
2023-03-14,-0.013409,0.00227,0.006208,-0.009993,0,0.002273,-0.038505,-0.022887,0.003012,-0.012168
2023-03-15,0.008676,-0.008539,-0.002848,0.003829,0.009967,0.011338,0.010895,0.018018,0.018018,0.001988
2023-03-16,-0.006594,0.000611,0.009519,-0.027739,0.009868,0.013453,-0.017769,-0.030088,0.029499,-0.007448
2023-03-17,-0.008369,-0.005702,-0.000471,0.018902,0.003257,0,0.020463,0.063869,-0.002865,-0.023708
2023-03-20,-0.006985,-0.007118,-0.011792,0.0091,0.006494,-0.002212,-0.002325,-0.010292,0.008621,0.010559
2023-03-21,0.003224,0.026249,-0.000477,-0.010406,-0.016129,-0.013304,-0.002622,-0.015598,-0.022792,0.0364
2023-03-22,0.009056,-0.00093,0.001433,0.011917,0.013115,0.01573,-0.00993,0.003521,0.002915,0.013764
2023-03-23,0.019108,0.000851,-0.002384,0.017665,0.003236,0,0.016814,0.012281,0.008721,-0.002054
2023-03-24,-0.021875,0.002118,-0.006692,-0.013615,-0.016129,-0.00885,-0.020308,-0.02253,-0.020173,-0.012049
2023-03-27,-0.00639,-0.006089,-0.022137,-0.044859,0,-0.004464,0.018952,-0.010638,-0.011765,0.007419
2023-03-28,0.005554,0.007925,-0.00689,-0.010838,0.013115,0.006726,-0.017437,0.016129,0.005952,-0.009836
2023-03-29,-0.00814,0.004602,0.026759,-0.004018,0.003236,0.004454,0.005915,-0.010582,0.002959,0.019307
2023-03-30,0.006741,0.005587,0.024131,0.031536,-0.003226,0.002217,-0.032931,0.069519,0.00295,-0.000175
2023-03-31,-0.002329,0.011111,0.001414,0.001422,0.006472,-0.013274,0.012162,-0.013333,-0.005882,0.014846
2023-04-03,0.002918,-0.009852,-0.007059,-0.00994,-0.003215,-0.002242,0.010814,0.013514,-0.005917,-0.018077
2023-04-04,-0.002619,0.006948,0.008057,0.011474,0.016129,0.01573,0.001783,0.028333,0.020833,-0.026862
2023-04-06,-0.014002,-0.009716,-0.003291,-0.01028,0.009524,0.002212,-0.012756,0.001621,0.002915,0.000052
2023-04-07,0.010059,-0.003322,-0.00566,-0.006447,-0.003145,0,0.009315,-0.004854,-0.002907,0.006417
2023-04-10,0.002929,-0.010771,0.00759,-0.004686,0,0.004415,0.011015,0.050407,0,0.029449
2023-04-11,-0.014895,-0.014788,0.001883,-0.001087,0.012618,0,-0.016196,0.01548,0.008746,-0.005124
2023-04-12,0.000296,-0.029447,0.005639,0.00979,0.006231,0.013187,0.008081,0.041159,0.008671,-0.019852
2023-04-13,0.008002,0.017059,-0.011682,0.01149,0.003096,0.004338,0.001485,-0.007321,0.014327,-0.009566
2023-04-14,0.011173,-0.00556,0.002837,0.008165,-0.003086,0,-0.000296,0.017699,-0.008475,0.023258
2023-04-17,0.023553,0.0231,0.004243,0.022535,0.021672,0.021598,0.043891,0.063768,0.019943,0.026656
2023-04-18,0.013636,0.002852,-0.001878,0.011364,0.015152,0.008457,0.051136,-0.006812,0.005587,0.002746
2023-04-19,-0.005045,0.000569,-0.008467,-0.002724,0.00597,-0.002096,-0.007297,-0.013717,0.002778,0.00335
2023-04-20,-0.014366,-0.009733,0.002372,-0.001366,0,-0.004202,0.006806,0.018081,-0.00277,-0.035017
2023-04-21,-0.014004,-0.009421,-0.003313,-0.007521,-0.011869,-0.008439,-0.027853,-0.004098,-0.005556,0.022702
2023-04-24,-0.026087,-0.011863,-0.001425,-0.004134,0.009009,0.004255,0.008623,0.004115,0.011173,-0.020025
2023-04-25,0.012798,0.014886,0.006657,-0.004151,0.017857,0.006356,0.017375,0.040984,0.013812,-0.027666
2023-04-26,-0.006171,0.007819,0.000472,-0.003473,-0.008772,0,-0.020331,-0.010499,-0.002725,0.05404
2023-04-27,-0.035186,0.008034,0.033522,0.001046,0.00885,0,0.064471,-0.005305,0.002732,0.028953
2023-04-28,0.029727,0.001479,-0.000457,0.012535,0,-0.006316,0.013777,0.052,0,-0.000649
2023-05-04,0.015774,-0.006032,0.031079,0.01685,0.046784,0.048729,0.029744,0.015209,0.073569,-0.023089
2023-05-05,0.016408,0.000057,-0.02039,0.010822,0.011173,0.008081,-0.030129,-0.004994,0.035533,0.006563
2023-05-08,0.026232,-0.016846,0.01086,0.061559,0.074586,0.062124,0.018228,0.076537,0.10049,0.016784
2023-05-09,-0.017135,0.00086,0.018353,-0.001576,-0.015424,-0.00566,-0.029501,-0.05711,0.01559,-0.021576
2023-05-10,-0.016862,0.001742,-0.015824,-0.010101,-0.057441,-0.045541,-0.012731,-0.039555,-0.054825,0.029624
2023-05-11,0.001453,-0.004597,0.018312,-0.010523,-0.00554,-0.005964,0.025,-0.018018,-0.034803,0.03389
2023-05-12,-0.011901,-0.006214,0.004825,-0.006123,-0.008357,-0.004,0.006162,-0.017038,0,-0.010067
2023-05-15,0.019389,0.005802,0.003928,0.000324,0.005618,0.012048,0.090839,-0.004,0.004808,0.001303
2023-05-16,0.003458,-0.00758,-0.001739,0.010049,0.005587,-0.005952,-0.036491,0.006693,0.002392,0.00298
2023-05-17,-0.00919,-0.001344,-0.003484,-0.012516,-0.005556,-0.003992,-0.019179,-0.006649,-0.009547,0.004184
2023-05-18,-0.001449,-0.005879,0.008741,0.004875,0.030726,0.026052,0.018812,0.032129,0.014458,-0.031667
2023-05-19,-0.014514,0.005027,-0.011265,0.000323,-0.01897,-0.015625,0.01069,-0.023346,-0.011876,-0.010327
2023-05-22,0.007364,0.027361,0.017967,-0.003233,-0.002762,0.005952,-0.015625,-0.005312,0.002404,0.001304
2023-05-23,-0.017544,-0.012285,-0.008179,-0.002271,-0.030471,-0.027613,-0.04127,-0.018692,-0.031175,-0.02119
2023-05-24,-0.01994,-0.007915,-0.017795,-0.018531,-0.025714,-0.034483,-0.044829,-0.017687,-0.037129,-0.000754
2023-05-25,-0.015487,-0.005786,0.003093,-0.004637,0.008798,-0.004202,0.001333,-0.00831,0,-0.00515
2023-05-26,0.00987,-0.006138,-0.006167,-0.024958,0.017442,0.012658,0.003995,-0.006983,0,-0.018252
2023-05-29,-0.001527,-0.000923,0.014628,0.005119,0.017143,0.010417,-0.004775,0.07173,0.023136,-0.013364
2023-05-30,-0.00153,-0.012262,-0.006116,-0.009508,-0.016854,-0.006186,0.014126,0.006562,-0.012563,0.036534
2023-05-31,-0.010417,-0.023611,-0.010549,-0.032225,0.005714,0.002075,-0.01866,-0.022164,-0.007634,-0.016979
2023-06-01,-0.00743,0.00431,-0.005775,-0.00921,-0.017045,0.006211,0.012319,0.017333,0.002564,0.007822
2023-06-02,0.031503,0.021199,-0.002234,0.010368,0,0.004115,0.015873,0.002621,-0.005115,0.024854
2023-06-05,-0.000907,-0.003352,0.005374,0.010616,0.028902,0.016393,-0.017969,0.00915,0.023136,-0.037822
2023-06-06,0.000908,0.001195,-0.005791,0.026261,0,0,-0.006099,-0.007772,0.002513,-0.002366
2023-06-07,0.006955,-0.009652,0.000896,0.000341,0.016854,0.010081,0.005336,0,0.012531,-0.054633
2023-06-08,0.023423,0.010358,0.014324,0.00955,0.024862,0.015968,0.015393,0.020888,0.027228,0.003425
2023-06-09,-0.009977,-0.001199,0.008826,-0.005068,-0.008086,-0.003929,-0.009932,0.005115,-0.004819,0.019374
2023-06-12,-0.000296,0.018007,-0.020997,0.012903,-0.005435,-0.019724,-0.008184,-0.010178,-0.021792,-0.000424
2023-06-13,0,0.001769,-0.003575,-0.00704,0.002732,0.006036,0.009848,-0.021851,0.00495,0.005426
2023-06-14,-0.01008,0.01641,-0.002242,0.013842,-0.029973,-0.026,0.001581,-0.001314,-0.014778,0.001408
2023-06-15,0.009883,0.016284,0.001348,-0.000999,0.011236,0.008214,-0.006316,-0.005263,0.0025,0.081912
2023-06-16,0.006228,0.024325,-0.003591,-0.001333,-0.005556,-0.00611,0.003443,0.002646,-0.012469,0.000953
2023-06-19,-0.010315,-0.029866,-0.000901,-0.004673,-0.01676,-0.010246,-0.037213,-0.007916,-0.015152,-0.013933
2023-06-20,-0.011614,-0.00031,-0.004058,-0.000671,-0.005682,0,-0.01398,-0.019947,-0.007692,0.000527
2023-06-21,-0.000603,-0.004376,0.000453,0.000336,0.008571,0.004141,-0.014456,0.020353,0.002584,-0.013553
2023-06-26,-0.016883,-0.015457,0.006335,-0.004025,-0.016997,-0.016495,-0.016643,-0.007979,-0.025773,0.001156
2023-06-27,0.00644,0.0012,-0.005396,0.009768,0.017291,0.008386,0.00918,0.036193,0.021164,-0.00755
2023-06-28,0.007008,0.010128,0.016275,0.013009,-0.002833,0.002079,-0.001706,0.003995,0.002591,0.004609
2023-06-29,-0.011195,-0.008488,-0.015569,-0.007244,-0.008523,-0.008299,0.001993,-0.009284,-0.002584,-0.008909
2023-06-30,0.002448,0.001896,-0.003163,0.0199,0.011461,0.008368,-0.006536,0,0.012953,0.02827
2023-07-03,0.029304,0.019574,0.00272,0.013333,0.025496,0.012448,0.036327,0.046854,0.017903,0.004764
2023-07-04,-0.006228,0.00377,-0.003165,-0.001605,-0.016575,-0.010246,-0.012421,-0.003836,-0.015075,-0.002741
2023-07-05,-0.014324,-0.008795,0.000907,0.010154,-0.002809,-0.00207,-0.01062,0,0,-0.00759
2023-07-06,-0.013624,-0.007229,-0.003172,-0.007626,-0.011268,-0.010373,-0.004802,-0.005135,-0.007653,-0.011692
2023-07-07,-0.008287,-0.007604,0,0.002445,0.002849,-0.002096,-0.013057,-0.002581,-0.002571,-0.011563
2023-07-10,0.004333,0.006432,0,-0.002439,-0.002841,0.002101,-0.015531,-0.012937,0.002577,0.029471
2023-07-11,0.008012,0.00535,0,-0.004191,0.005698,0.012579,-0.001169,0.001311,0.010283,0.001267
2023-07-12,0.01498,0.002222,0.006364,-0.003157,0.005666,-0.004141,-0.006142,0.018325,0,-0.009167
2023-07-13,0.012397,0.014354,0.012647,0.009148,0.016901,0.012474,0.005972,0.059126,0.015267,0.01326
2023-07-14,0.002512,0.008399,0.00223,0.006276,0,0,0.008905,0,0,-0.007478
2023-07-17,-0.008769,-0.013137,-0.001335,-0.038115,0.00277,0,-0.034716,-0.01335,0.00266,-0.011521
2023-07-18,-0.006003,-0.004145,-0.001337,0.002522,0,-0.006565,-0.003657,-0.00861,-0.015915,-0.000665
2023-07-19,0.003814,0.000116,0.004016,0.004671,0,0.004405,-0.003059,0.009926,0.002695,-0.026608
2023-07-20,0.003483,0.00058,-0.004444,-0.007153,0.005882,0.004386,-0.018411,-0.014742,0.002688,0.007062
2023-07-21,0.003471,0.027436,0.000927,-0.003242,-0.002924,0,-0.010316,-0.001247,0.002681,0.002443
2023-07-24,-0.011006,-0.000085,-0.001852,-0.003253,0.005865,-0.002183,-0.001895,-0.006242,-0.008021,-0.011779
2023-07-25,0.05787,0.032408,-0.010668,0.023568,0.017493,0.010941,0.060127,0.008794,0.026954,0.033656
2023-07-26,0.002405,0,0.002813,0.007793,-0.002865,0.002165,0.00806,-0.021171,-0.005249,0.00137
2023-07-27,0.009295,0.005184,-0.00748,-0.00246,0.017241,0.015119,0.020728,0.001272,0.007916,0.001412
2023-07-28,0.042781,0.032083,0.005181,0.001057,0.019774,0.019149,0.057441,0.012706,0.02356,0.013525
2023-07-31,0.013105,-0.008656,0.005623,-0.001056,0.00277,-0.004175,0.006036,-0.006274,0,0.033471
2023-08-01,-0.016029,0.004477,0.012116,0.002114,0.002762,0.002096,-0.000545,0.020202,0.005115,-0.009464
2023-08-02,-0.027436,-0.004764,-0.005985,-0.018636,-0.033058,-0.023013,-0.002183,-0.055693,-0.02799,0.004246
2023-08-03,0.019101,-0.000814,0.003242,-0.000717,0.011396,0.010707,0.039103,-0.006553,0.013089,0.011163
2023-08-04,0.005767,0.007985,-0.00554,-0.003227,0,0.004237,-0.000526,0.005277,0.005168,0.026637
2023-08-07,-0.010894,-0.002926,0.017642,0.002158,-0.005634,-0.006329,-0.021327,0.009186,-0.007712,0.003992
2023-08-08,-0.010145,0.001096,0.008212,0.002154,-0.005666,-0.006369,-0.001345,0.013004,-0.007772,0.002637
2023-08-09,-0.003807,0.000148,0.000452,-0.003223,0.002849,0.00641,-0.001347,0.001284,0.002611,-0.000566
2023-08-10,0.003527,-0.008083,-0.000905,0.01042,0,-0.004246,0.001888,0.015385,-0.002604,-0.002024
2023-08-11,-0.028998,-0.021867,-0.015392,-0.021693,-0.017045,-0.017058,-0.031502,-0.016414,-0.013055,-0.020284
2023-08-14,-0.020814,-0.016903,0.002759,-0.005453,-0.011561,-0.010846,-0.013622,0.006418,-0.015873,-0.035611
2023-08-15,-0.003081,0.005535,0.009629,0.005848,0.020468,0.017544,0.027903,0,0.026882,-0.00687
2023-08-16,-0.012052,0.003872,-0.006812,-0.00436,0,0,-0.01371,-0.024235,-0.002618,0.00562
2023-08-17,-0.00563,0.004423,0.011431,0.000365,-0.005731,-0.008621,-0.020851,0.005229,-0.010499,0.011393
2023-08-18,0.002831,-0.013927,-0.002712,-0.002189,0.005764,0.002174,0.02527,-0.0013,0.002653,0.002635
2023-08-21,-0.023526,-0.00643,-0.009519,-0.012431,-0.017192,-0.010846,-0.043201,-0.015625,-0.013228,-0.012337
2023-08-22,0.006103,-0.001675,0.006865,0.018882,0.014577,0.013158,0.026049,0.022487,0.016086,-0.009487
2023-08-23,-0.015006,-0.00783,-0.002273,0.018895,0,0.004329,-0.012694,0.002587,0.010554,-0.014085
2023-08-24,0.006807,0.023844,-0.0082,-0.008203,-0.002874,-0.010776,-0.008286,-0.011613,-0.013055,0.006374
2023-08-25,0.016098,0.004779,0.017915,0.002877,0.002882,0.015251,0.011524,0.006527,0.002646,-0.002664
2023-08-28,0.02218,0.005474,-0.001805,0.021872,0.017241,0.015021,0.015665,0.015564,0.013193,0.00946
2023-08-29,-0.00682,0.008916,-0.009042,-0.002105,-0.016949,-0.021142,-0.001963,-0.010217,-0.010417,0.034707
2023-08-30,-0.01186,0.002523,0.002281,-0.005626,0,-0.008639,-0.003091,0.00129,-0.010526,-0.004193
2023-08-31,-0.003474,-0.004849,0.004096,-0.00389,-0.005747,0.006536,0.004228,-0.001289,-0.00266,-0.004
2023-09-01,0.022821,0.002193,-0.011333,0.020589,-0.00578,-0.010823,0.047713,0.00129,-0.010667,-0.000634
2023-09-04,0.039046,0.008076,-0.006419,0.02887,0.011628,0.006565,0.020091,0.024485,0.005391,0.005288
2023-09-05,-0.012526,-0.003912,0.010152,0.006085,-0.008621,-0.002174,-0.023897,0,-0.005362,-0.003493
2023-09-06,0.007551,0.001237,-0.003655,-0.002688,0.002899,0.004357,-0.000538,0.016352,0,-0.010134
2023-09-07,-0.006595,-0.012359,0.001834,0.003706,0,0.002169,-0.011036,0.019802,0,-0.033743
2023-09-08,0.000905,-0.010609,-0.000458,-0.011749,-0.00289,-0.006494,0.006805,-0.021845,-0.008086,-0.015761
2023-09-11,-0.007838,0.002018,0.006868,0.011889,-0.002899,0,-0.003514,0.008685,0.002717,-0.006325
2023-09-12,-0.000912,-0.001213,0.003638,0.000671,0,0.002179,-0.021432,-0.00369,-0.00542,-0.016251
2023-09-13,-0.003954,-0.000027,0.008156,0.015096,0.002907,0.004348,0.000832,0.020988,0.00545,-0.006103
2023-09-14,0.009771,-0.00067,0.019775,0.029412,0.014493,0.012987,-0.003324,0.008464,0.01084,-0.00771
2023-09-15,-0.003326,-0.020179,-0.007492,0.000642,-0.008571,-0.010684,-0.00945,-0.005995,-0.008043,-0.03336
2023-09-18,0.00182,0.026493,-0.004885,0.001925,0,0.00216,0.008698,-0.007238,0,0.02551
2023-09-19,-0.001817,-0.001236,0.005355,0.004803,0.017291,0.008621,0.020028,0.010936,0.008108,-0.003473
2023-09-20,-0.006978,-0.001609,0.001332,0.002868,0.014164,0.002137,0,0.001233,0.013405,-0.011398
2023-09-21,-0.010999,-0.014041,-0.007979,-0.009851,-0.005587,0,0.003545,-0.01601,-0.005291,-0.015102
2023-09-22,0.029966,0.028142,0.004468,0.002888,0.008427,0.010661,0.013587,0.015019,0.007979,0.020316
2023-09-25,-0.010198,-0.008989,0.000445,0.0032,0.008357,-0.00211,-0.001609,-0.013564,0.002639,-0.007823
2023-09-26,-0.006061,-0.008939,-0.003557,-0.006061,0,-0.006342,0.000537,-0.0025,-0.005263,-0.02284
2023-09-27,0.00061,-0.001101,-0.008925,-0.009628,-0.016575,-0.010638,-0.008857,0.002506,-0.010582,-0.004108
2023-09-28,0.00457,-0.008517,0.001351,0.011017,0.011236,0.006452,-0.018142,-0.0025,0.008021,-0.003093
2023-10-09,-0.011829,-0.011982,0.014388,0.011218,0,-0.002137,-0.004688,-0.008772,-0.002653,-0.037088
2023-10-10,0.000307,-0.003939,0.002216,-0.015531,0.002778,0.002141,-0.010529,-0.015171,-0.005319,-0.00399
2023-10-11,-0.004296,0.004802,0.000885,-0.006439,0.01108,0.008547,0.015682,-0.016688,0.008021,0.000257
2023-10-12,0.019106,0.004217,-0.000442,-0.005185,0.005479,0.025424,0.043838,0.001305,0.03183,0.006007
2023-10-13,-0.01391,-0.019597,0.005305,0.00228,0.013624,0.010331,-0.010037,0,0.020566,-0.027253
2023-10-16,-0.0092,-0.01205,0.001759,0.021449,-0.002688,0.006135,0.003735,0.016949,0.005038,-0.03064
2023-10-17,0.0065,-0.002254,0.007902,0.005091,0.002695,0,0.009038,0.016667,-0.002506,0.00368
2023-10-18,-0.000923,0.001159,-0.000436,0.000317,0.005376,0.002033,-0.005796,0.006305,0.01005,0.004638
2023-10-19,-0.028316,-0.056713,-0.017429,-0.02057,-0.018717,-0.020284,-0.046105,-0.030075,-0.012438,-0.019324
2023-10-20,0.002534,0.009202,-0.008869,-0.005493,-0.002725,-0.008282,-0.0425,-0.00646,-0.007557,-0.009305
2023-10-23,-0.01327,-0.00062,-0.002685,0.004873,-0.002732,0.006263,0.011604,-0.015605,-0.005076,-0.020663
2023-10-24,0.002241,-0.000627,0.013908,-0.010993,-0.013699,-0.012448,-0.014339,0.025099,-0.020408,-0.004739
2023-10-25,0.003834,0.021029,-0.030531,-0.007519,-0.011111,-0.010504,-0.012802,-0.055412,-0.005208,-0.002494
2023-10-26,0.002546,-0.003142,0.019169,0.006258,0.016854,0.016985,0.000589,0.016371,0.015707,0.011876
2023-10-27,0.000952,0.002679,-0.00403,-0.006547,0.002762,-0.004175,-0.013255,-0.004027,0.002577,0.037345
2023-10-30,-0.019981,0.002559,0.009442,-0.021087,-0.019284,-0.016771,-0.008358,-0.039084,-0.012853,0.017865
2023-10-31,-0.004531,0.00213,0.005345,0.020532,0.008427,0.008529,0.011439,-0.001403,0.015625,-0.012871
2023-11-01,-0.010078,0.057231,0.003988,-0.000989,0.008357,0.008457,-0.013393,0.005618,0.005128,0.010453
2023-11-02,0.007553,-0.000837,0.004413,0.006603,0.01105,0.002096,-0.018703,0.01257,0.007653,-0.010504
2023-11-03,0.010104,0.017836,-0.002197,-0.003936,-0.010929,-0.008368,0.006456,0.011034,-0.01519,0.010077
2023-11-06,0.00484,0.00042,-0.020696,-0.029305,-0.01105,-0.006329,0.022908,-0.032742,-0.012853,0.05143
2023-11-07,-0.010918,-0.011496,0.001349,0.005767,0.00838,0.002123,-0.025381,0,0.013021,-0.029633
2023-11-08,-0.006494,0.004003,0.00449,0.00371,-0.00277,-0.002119,-0.016238,-0.008463,-0.002571,0.003137
2023-11-09,0.001961,-0.002352,0.008941,0.032258,0.008333,0.014862,-0.003737,0.008535,0.018041,-0.002033
2023-11-10,-0.016308,-0.010183,0,0.01237,0,0,-0.034073,-0.00141,0,-0.01264
2023-11-13,-0.011273,-0.006667,-0.001772,-0.005466,-0.002755,-0.004184,0.011327,0.008475,-0.002532,-0.006242
2023-11-14,0.012743,0.00072,-0.007102,-0.009053,0.002762,0.006303,-0.00992,-0.005602,0.005076,-0.022199
2023-11-15,0.01457,0.004339,0.010282,0.002936,-0.002755,0,0.031997,0.011268,-0.002525,0.004355
2023-11-16,-0.003264,-0.007265,0.004867,0.000976,0.008287,0.002088,-0.009709,-0.006964,0.005063,-0.018051
2023-11-17,-0.006876,-0.003767,-0.003963,0.000975,-0.005479,-0.004167,-0.001581,-0.012623,-0.005038,-0.002319
2023-11-20,0.008243,0.005178,0.001326,-0.002597,0.00551,0.006276,-0.006652,0.008523,0.005063,-0.002379
2023-11-21,-0.004905,0.015603,0.002208,-0.000326,0.005479,0,0.007653,0.004225,0,0.001719
2023-11-22,-0.008873,-0.004743,0,-0.001954,-0.002725,-0.002079,-0.00538,-0.001403,0,-0.019988
2023-11-23,-0.000663,0.00252,-0.003524,0.009788,0,0,0.010181,-0.001404,-0.002519,0.003955
2023-11-24,-0.004645,-0.005039,0.002653,0.003231,0,0,-0.011969,0.001406,0.005051,-0.015194
2023-11-27,-0.02,-0.007878,-0.003086,0.006441,-0.008197,-0.004167,-0.020402,0.001404,0,-0.024571
2023-11-28,-0.008163,0.003426,-0.004865,-0.00832,0.002755,0.002092,-0.006508,-0.008415,-0.002513,0.007147
2023-11-29,-0.012346,0.003205,-0.001778,0.005808,-0.002747,-0.004175,-0.018015,-0.001414,0.002519,-0.02949
2023-11-30,-0.000347,0.009461,0.016474,0.010266,0.008264,0.008386,0.002001,0.016997,0.002513,0.000899
2023-12-01,-0.018409,-0.017427,-0.00438,0.000635,-0.002732,0,0.005326,0,0.012531,-0.008982
2023-12-04,-0.006369,-0.005437,-0.00132,0.007934,-0.00274,-0.002079,-0.024834,0.002786,-0.002475,-0.023263
2023-12-05,-0.020299,-0.023825,-0.005286,-0.015113,-0.008242,-0.008333,-0.028862,-0.019444,-0.004963,-0.017569
2023-12-06,0.009088,-0.003511,-0.003543,-0.007673,-0.022161,-0.012605,0.001748,-0.035411,-0.012469,0.025628
2023-12-07,0.001801,-0.001762,0.004444,-0.015142,0.008499,0.006383,0.003839,-0.004405,0.007576,0.009885
2023-12-08,-0.011147,0.002894,0.000885,0.000327,0.002809,0,-0.009388,0.013274,-0.012531,-0.005471
2023-12-11,0.009455,-0.004059,0.008842,0.016351,-0.005602,0,0.009828,-0.001456,-0.005076,0.010759
2023-12-12,0.010447,0.007061,0.007011,0.00547,0.019718,0.012685,0.001043,0.007289,0.015306,-0.010402
2023-12-13,-0.02959,-0.029234,0.000435,-0.01504,0,0,-0.019792,-0.021708,0,-0.026157
2023-12-14,-0.00698,-0.014518,0.00087,-0.002924,0,-0.004175,-0.008147,-0.001479,0,-0.017069
2023-12-15,0.007399,0.005563,-0.009996,-0.009123,-0.01105,-0.008386,-0.002857,-0.002963,-0.017588,-0.010407
2023-12-18,0.001836,0.010334,0.01273,0.011181,0.011173,0.008457,-0.004298,0.004458,0.02046,-0.051806
2023-12-19,0.000367,0.007822,-0.000867,0.001626,0.005525,0.004193,0.002878,0.001479,-0.005013,0.013812
2023-12-20,-0.008428,-0.003684,0.010846,0.007468,-0.002747,0,-0.020803,0,0.005038,-0.003691
2023-12-21,0.024021,0.01225,-0.006438,-0.008379,-0.00551,0,0.002198,0,-0.002506,0.040013
2023-12-22,-0.003609,0.000389,0.001296,0.019825,0.00554,-0.002088,0.006213,0.008863,0.002513,0.012306
2023-12-25,-0.002898,0.000808,0.009491,0.01211,0.008264,0.004184,-0.003269,0.013177,0.007519,0.007998
2023-12-26,-0.009444,-0.001196,0.005556,-0.014169,0.002732,0.004167,0.007653,0.010116,0.002488,-0.00895
2023-12-27,0.0011,-0.00176,0,0.010859,0.00545,0.002075,-0.011573,0.018598,0.004963,-0.011529
2023-12-28,0.025275,0.03475,-0.010625,-0.013586,-0.01626,-0.012422,0.045737,-0.008427,-0.014815,0.056114
2023-12-29,-0.006074,0.000586,0.002577,0.004164,0.002755,0.002096,-0.008048,0,0,0.001657
2024-01-02,-0.008627,-0.023749,0.014567,0.032855,0.005495,0.002092,-0.012698,0.011331,0.005013,-0.039385
2024-01-03,0.006889,0.005335,0.003378,0.01853,0.016393,0.010438,0.004287,0.019608,0.009975,-0.006568
2024-01-04,0.00144,-0.014758,0.001684,0.013645,0.013441,0.010331,-0.044824,0.020604,0.022222,-0.029525
2024-01-05,0.01726,-0.003379,-0.002521,0.000598,-0.01061,-0.00409,-0.001862,0.008075,-0.004831,-0.001984
2024-01-08,-0.005656,-0.011645,-0.005897,0.005979,-0.002681,0.002053,-0.020896,-0.00267,-0.004854,-0.005964
2024-01-09,0.001422,-0.001819,-0.002542,0.011887,0,0,0.004573,-0.001339,0,-0.008667
2024-01-10,-0.00426,0.000305,-0.008496,-0.005874,-0.002688,-0.006148,-0.021244,-0.006702,-0.014634,0.013181
2024-01-11,0.011765,0.003089,-0.006855,-0.017725,-0.016173,-0.014433,0.002326,-0.024291,-0.014851,0.027612
2024-01-12,0.005638,-0.002132,0.015099,0.011128,0.013699,0.006276,-0.005414,0,0.012563,-0.001227
2024-01-15,0.008059,-0.001862,-0.001275,0.012493,0.002703,0.010395,0.005832,0.013831,0.004963,-0.018948
2024-01-16,0.012513,-0.000348,0.002128,0.007051,0.008086,0.006173,0.019714,0.001364,0.004938,0.034608
2024-01-17,0.00206,-0.03808,-0.009766,-0.004084,-0.010695,-0.010225,-0.021228,-0.019074,-0.009828,-0.03001
2024-01-18,0.013361,0.021477,0,-0.00205,-0.002703,0.002066,0.009295,-0.001389,-0.004963,0.015568
2024-01-19,0.005071,0.014979,0.007719,-0.024068,-0.00271,0.008247,-0.006523,-0.006954,-0.009975,0.001876
2024-01-22,0.017491,0.004281,-0.011489,-0.008722,0,0,-0.001931,-0.012605,0.007557,0.004906
2024-01-23,-0.008595,-0.014007,0.000861,0.020024,0,0,-0.009288,-0.005674,-0.005,-0.011242
2024-01-24,0.003334,0.004324,0.025806,0.029447,0.019022,0.01636,0.052734,0.035663,0.030151,-0.002794
2024-01-25,0.026919,0.00738,0.003774,0.014736,0.013333,0.008048,0.064564,0.100551,0.012195,0.009904
2024-01-26,0.00712,-0.000415,0.007937,0.019362,0.015789,0.015968,-0.00244,0.06383,0.031325,-0.032258
2024-01-29,0.007391,0.007744,0.005802,-0.00419,0.012953,0.013752,0.012928,-0.011765,0.004673,-0.019867
2024-01-30,-0.011164,-0.022424,-0.007005,0.003086,-0.007673,-0.005814,-0.018282,0,-0.006977,-0.042647
2024-01-31,-0.009355,-0.005015,0.012448,0.038031,0.002577,0.007797,0.009838,-0.004762,0.01171,0.077016
2024-02-01,-0.009443,0.00319,-0.010246,-0.022091,0,-0.005803,-0.02366,-0.02512,-0.011574,-0.016954
2024-02-02,-0.006246,-0.008714,0.005383,0.019835,0.012853,0.005837,0.004989,-0.006135,0.01171,-0.020266
2024-02-05,0.015878,0.02131,0.019769,0.029984,0.020305,0.023211,0.029433,0.025926,0.027778,0.040685
2024-02-06,0.020189,0.028215,-0.001616,-0.010228,0.017413,0.005671,0.038236,-0.022864,0.004505,0.042056
2024-02-07,-0.000638,0.020877,-0.000809,0.022523,-0.017115,-0.016917,0.001327,0.023399,-0.024664,0.008021
2024-02-08,0.002874,-0.002916,-0.002429,-0.013475,-0.014925,-0.013384,0.020212,-0.00361,-0.009195,0.020301
2024-02-19,0.007006,-0.006196,0.022727,0.045705,0.030303,0.021318,0.006171,0.044686,0.046404,-0.016888
2024-02-20,-0.006958,-0.014999,0.013492,-0.001256,0.017157,0.01518,-0.012589,-0.001156,0.004435,-0.010994
2024-02-21,0.050955,0.028539,-0.005873,-0.004527,0.007229,0.011215,0.024518,0.008102,0.006623,0.018127
2024-02-22,-0.006061,0.000419,0.006302,0.031582,0.004785,0.001848,0.005105,0.057405,0,-0.005273
2024-02-23,0.004573,-0.002497,0.005479,-0.024002,0.014286,0.01107,0.001587,-0.015201,0.008772,0.000935
2024-02-26,-0.021244,-0.011149,-0.028805,-0.031368,-0.028169,-0.029197,-0.03645,-0.025358,-0.030435,-0.028037
2024-02-27,-0.002171,-0.003233,-0.000802,-0.000518,0.004831,-0.003759,0,0.004525,0,0.011731
2024-02-28,-0.004972,-0.004706,0.014842,0.010886,0,0.00566,-0.013158,-0.004505,0,-0.005195
2024-02-29,0.000625,0.007999,-0.009881,-0.010256,0.007212,0,0.011,0,0.002242,0.041399
2024-03-01,-0.003121,-0.005864,-0.001996,-0.005699,0.011933,0.001876,-0.012529,-0.006787,0.002237,0.00636
2024-03-04,-0.01315,-0.005199,0.018,0.015894,0,-0.003745,-0.019699,0.038724,0.006696,-0.00395
2024-03-05,0.020939,0.011215,0.019253,0.014363,0.023585,0.026316,0.012602,-0.007675,0.019956,0.004576
2024-03-06,-0.009633,-0.008584,-0.003084,-0.003287,-0.018433,-0.020147,-0.012109,-0.007735,-0.01087,-0.006134
2024-03-07,0.004079,0.001833,0.001547,0.016996,0.004695,0.005607,-0.007491,0.010022,0.004396,-0.021327
2024-03-08,-0.010312,-0.007246,-0.002703,-0.008481,-0.002336,0.001859,-0.002401,0.012128,-0.004376,-0.013425
2024-03-11,-0.005999,0.013797,-0.00271,-0.026415,-0.007026,-0.003711,0.01066,-0.019608,-0.008791,0.14462
2024-03-12,0.01493,0.029808,-0.036102,-0.039276,-0.023585,-0.031657,0.019394,-0.035556,-0.026608,0.027592
2024-03-13,-0.013459,-0.010057,0.002416,-0.002959,-0.004831,-0.005769,-0.034713,0.001152,-0.006834,-0.003551
2024-03-14,-0.008566,-0.006264,-0.008035,0.009442,0.009709,0.003868,-0.003804,0.011507,0.002294,-0.007398
2024-03-15,-0.00224,0.000501,0.00081,-0.00294,0,0.003854,-0.005554,0.006826,-0.004577,-0.015288
2024-03-18,-0.001604,-0.005374,-0.001619,-0.014741,-0.007212,-0.005758,0.025131,0.00113,0,0.055028
2024-03-19,-0.010601,-0.00014,0.002027,0.015506,-0.009685,-0.005792,-0.016343,0.004515,-0.013793,-0.019428
2024-03-20,0.012338,0.000925,0.011327,0.004286,0.00978,0.009709,0.006231,0.026966,0.013986,0.011909
2024-03-21,0.011867,-0.000351,-0.0024,0.004801,0.002421,0.003846,-0.004472,0.003282,0.004598,-0.002111
2024-03-22,-0.011094,-0.004476,0.002807,0.007168,0.009662,0.005747,-0.018659,-0.009815,0.004577,-0.013592
2024-03-25,0.004808,-0.007253,-0.0012,0.015024,0.007177,0.007619,-0.008803,0.022026,0.002278,-0.009168
2024-03-26,0.033493,0.012007,-0.005604,-0.012464,0.004751,0.007561,0.017407,-0.007543,0.009091,0.037879
2024-03-27,-0.003086,-0.00485,-0.000403,0.021299,0.01182,0.005629,-0.017807,-0.004343,0.011261,-0.019812
2024-03-28,-0.003715,0.000376,0.000805,-0.005149,-0.025701,-0.020522,0.013153,0.008724,-0.024499,0.004149
2024-03-29,0.000622,0.00074,0.003219,0.011646,0.014388,0.005714,0,0.068108,0.004566,0.00731
2024-04-01,0.013665,0.010823,-0.008022,-0.018163,0,0.001894,0.032632,-0.01417,0.013636,0.040387
2024-04-02,-0.002757,-0.004264,-0.003639,0.017457,0.009456,0.009452,-0.012232,0.022587,0.008969,0.009402
2024-04-03,-0.009831,0.000653,-0.008117,0.013828,0.004684,-0.001873,-0.006192,0.022088,-0.004444,-0.010265
2024-04-08,0.005275,-0.028249,0.037643,-0.000253,0.011655,0.013133,-0.02423,0.008841,0.011161,-0.015431
2024-04-09,-0.002778,-0.002664,-0.008281,0.002779,-0.013825,-0.012963,-0.009933,-0.014606,-0.00883,0.007194
2024-04-10,0.005571,-0.008567,0.019085,0.011086,0.002336,0.001876,-0.013615,0.014822,0.002227,-0.016633
2024-04-11,-0.005848,0.000012,-0.00078,-0.003239,-0.004662,-0.003745,0.002543,-0.003895,-0.004444,-0.000726
2024-04-12,-0.005573,-0.008477,-0.007419,-0.00675,0.002342,0,-0.038768,0.00391,0.002232,-0.021859
2024-04-15,0.022105,0.023837,0.018489,0.033224,0.021028,0.018797,0.037316,0.038948,0.022272,0.046446
2024-04-16,-0.002437,-0.001781,0.001545,0.015834,0.01373,0.009225,-0.014172,0.021556,0.010893,0.000051
2024-04-17,0.016794,-0.001796,0.001928,0.004796,0.006772,0.005484,0.01585,0.002752,0.00431,-0.005884
2024-04-18,0.010511,0.002268,-0.001155,-0.012888,0.006726,0.003636,0.033019,-0.028362,0.006438,-0.002194
2024-04-19,-0.000892,-0.014448,0.001927,0.012814,0.011136,0.005435,-0.013347,0.028249,0.006397,-0.02434
2024-04-22,-0.008328,0.017259,-0.005385,-0.037957,-0.008811,-0.012613,0.013172,-0.026557,-0.012712,-0.001048
2024-04-23,0.0012,0.01028,-0.00348,-0.009926,0,0.00365,0.004216,-0.026341,0,-0.003515
2024-04-24,0.002397,0.00078,0,-0.002506,-0.002222,-0.005455,0.013296,0.007729,-0.006438,-0.001737
2024-04-25,0.028093,-0.000331,-0.003492,0.00402,0.013363,0.003656,0.003453,0.010547,0.00432,0.018987
2024-04-26,0.002326,0.009681,-0.004283,-0.01026,-0.021978,-0.016393,0.016862,0.013283,-0.019355,0.027329
2024-04-29,0.011601,-0.003176,-0.00352,-0.013906,-0.008989,-0.003704,0.04264,-0.043071,0.002193,0.056177
2024-04-30,-0.016342,0.000587,0.012166,0.021282,-0.002268,0.009294,-0.004869,0.004892,0.004376,-0.009872
2024-05-06,0.016613,0.032375,-0.012408,-0.00703,-0.011364,-0.01105,0.032616,-0.025316,-0.023965,0.021619
2024-05-07,-0.000287,0.005568,-0.004711,0.009608,0.006897,0.005587,-0.001895,0.010989,0,-0.000483
2024-05-08,-0.008603,-0.003407,-0.001578,0.030553,0.011416,0.001852,-0.012025,0.000988,0.006696,-0.017643
2024-05-09,0.00781,-0.004518,0.001976,-0.00729,-0.011287,-0.005545,0.000641,-0.005923,-0.008869,0.03036
2024-05-10,0.022388,-0.009692,0.004732,0.002938,-0.002283,0.003717,0.012484,0.000993,0,-0.028176
2024-05-13,0.008141,-0.018965,0.005495,-0.004638,0.002288,0.001852,-0.004426,-0.005952,-0.002237,-0.020393
2024-05-14,-0.015873,-0.002356,-0.001561,-0.012506,-0.009132,-0.007394,0.01302,-0.008982,-0.008969,-0.001706
2024-05-15,-0.008206,-0.001163,-0.003909,-0.002483,0,0.001862,-0.00815,-0.004028,0.004525,-0.005628
2024-05-16,0.034237,0.002647,-0.002355,-0.01419,0.002304,0.005576,0.023072,-0.006067,0.006757,0.008995
2024-05-17,0.016552,0.00616,0.014162,0.007323,0.006897,0.011091,0.018536,0.009156,0.004474,0.016678
2024-05-20,-0.012754,-0.003499,0.008146,0.026072,-0.002283,-0.001828,0.010009,0.029234,-0.004454,0.002217
2024-05-21,-0.003848,-0.002341,0.004232,0.025409,0.009153,0.007326,-0.003003,-0.007835,0.008949,-0.00929
2024-05-22,-0.004967,-0.004276,-0.004598,-0.00548,0.002268,0.001818,-0.011145,-0.007897,0.004435,0.016521
2024-05-23,-0.01553,-0.003357,0.006543,0.006229,-0.004525,-0.00363,-0.002741,-0.01393,-0.002208,-0.002684
2024-05-24,-0.021408,-0.008824,0.005736,-0.016429,-0.002273,-0.009107,-0.024435,0.006054,-0.00885,-0.016443
2024-05-27,0.011514,-0.00415,0.007985,0.016703,0.013667,0.007353,0,0.027081,0.006696,-0.004826
2024-05-28,-0.008822,-0.003281,0.007544,0.021429,0.002247,0.001825,-0.000313,0.014648,-0.006652,-0.011049
2024-05-29,-0.007465,0.005623,-0.000749,0.012821,-0.006726,-0.003643,-0.015033,0.009625,-0.006696,0.005005
2024-05-30,-0.006653,-0.014934,0.000375,-0.008285,-0.009029,-0.005484,0.000318,-0.027645,-0.008989,0.002817
2024-05-31,-0.001747,-0.000334,-0.003371,-0.017638,0,-0.001838,-0.003497,-0.005882,0.006803,-0.007976
2024-06-03,-0.003792,-0.005496,0.030815,0.02386,0.004556,0.001842,0.007337,0.001972,0,0.023968
2024-06-04,0.01142,0.008424,0.001823,-0.023073,0,0.005515,-0.000317,-0.016732,0,0.017136
2024-06-05,-0.015924,-0.005565,0.017467,0.009684,0.006803,-0.001828,0.004118,-0.022022,0.002252,-0.008982
2024-06-06,0.000294,-0.002549,0.002504,0.032982,-0.002252,0,-0.015457,0.022518,0,0.003282
2024-06-07,-0.000294,-0.012581,0.009989,-0.000226,0.014286,0.010989,-0.007049,0,0.017978,-0.056595
2024-06-11,-0.018535,-0.030991,-0.004592,-0.016082,-0.021127,-0.014493,-0.00355,-0.017017,-0.015453,-0.02293
2024-06-12,-0.008094,0.001708,0.007097,0.027855,-0.002398,-0.007353,-0.006801,0.01833,-0.011211,-0.016793
2024-06-13,-0.00816,-0.010606,0.011276,-0.001568,0.014423,0.005556,-0.003913,-0.009,0.00907,-0.002263
2024-06-14,0.030165,-6E-6,-0.027875,-0.005159,0.007109,0.012891,0.028151,-0.008073,0.006742,-0.001566
2024-06-17,-0.002366,-0.008682,-0.000358,-0.018264,-0.018824,-0.012727,-0.00191,-0.018311,-0.011161,0.017903
2024-06-18,-0.000593,-0.012974,-0.003227,0.000689,0.002398,0.003683,-0.003828,0.011399,0.002257,0.011318
2024-06-19,0.013053,0.006964,0.008633,-0.002984,0.009569,0.009174,0.002241,0.01332,0.009009,-0.006935
2024-06-20,-0.0041,-0.0006,0.010699,0.027394,0.004739,0.003636,0.006709,0.017189,0.002232,-0.005397
2024-06-21,-0.009115,-0.019399,-0.000353,-0.011651,-0.011792,-0.001812,-0.003174,-0.008946,-0.004454,-0.015054
2024-06-24,0.010979,0.003773,0.019767,0.003174,0.01432,0.010889,-0.004139,0.006018,0.004474,0.009829
2024-06-25,0.006751,0.00684,-0.008307,-0.007232,0.002353,0.005386,-0.014386,0.001994,0.006682,-0.00353
2024-06-26,-0.006997,0.001729,0,-0.004097,0.004695,0.005357,0.003892,-0.01222,0.006637,-0.004347
2024-06-27,0.005872,0.000853,0.005934,-0.005714,0.009346,0.012433,0.001939,-0.001031,0.013187,-0.002749
2024-06-28,-0.002043,-0.015498,0.00347,0.02,0.009259,0,0.00129,0.065015,0.002169,-0.026865
2024-07-01,0.004972,-0.018407,0.019364,0.020509,0.018349,0.021053,0.009662,0.010659,0.010823,-0.021996
2024-07-02,0.020955,0.034935,0,0.011484,0.018018,0.025773,-0.014354,0.022052,0.019272,0.000057
2024-07-03,-0.017674,0.006239,-0.006106,-0.012009,-0.006637,-0.0134,0.000324,-0.008443,-0.010504,0.019423
2024-07-04,0.007255,-0.009507,0.003072,0.003315,0.008909,0.011885,-0.006147,0.006623,0.006369,0.000557
2024-07-05,-0.023912,-0.022036,-0.002382,-0.006608,-0.015453,-0.021812,-0.024089,-0.009398,-0.023207,-0.011024
2024-07-08,0.003247,-0.022712,0.020464,0.012605,0.008969,0.010292,0.009006,0.012334,0.012959,-0.009627
2024-07-09,0.014122,0.012697,0.013035,0.000461,0.006667,0.008489,0.010579,-0.002812,0.010661,-0.000796
2024-07-10,0.006092,-0.000306,-0.006928,-0.03894,0.004415,0.010101,0.022898,-0.029135,0.00211,-0.015475
2024-07-11,0.005809,0.017042,0.00299,-0.000719,-0.008791,-0.011667,0.000324,0.012585,-0.010526,0.022884
2024-07-12,0.033435,0.011443,-0.010268,-0.011276,0.019956,0.025295,0.022042,-0.012428,0.014894,0.015762
2024-07-15,-0.006471,-0.002651,0.018407,0.028634,0.026087,0.019737,-0.001903,0.013553,0.016771,-0.009344
2024-07-16,0.000296,0.000746,0.012159,0.000472,-0.002119,0,-0.00858,0.00382,0.006186,0.006625
2024-07-17,0.008286,0.017209,0,-0.01627,0.002123,0.003396,0.028846,-0.039962,0.00431,0.008868
2024-07-18,0.000587,-0.002591,0.018182,0.00791,0,0,0.00405,0.010902,0,0.041241
2024-07-19,0.004693,0.018771,0.00131,-0.001902,-0.002119,0,-0.006205,-0.022549,0.002146,0.005787
2024-07-22,-0.026569,-0.017449,-0.00654,-0.005718,-0.014862,-0.011844,-0.011239,-0.034102,-0.004283,0.000422
2024-07-23,0,-0.029353,0.009546,-0.016056,0.021552,0.02911,-0.019261,-0.012461,0.023656,-0.017518
2024-07-24,-0.004799,-0.010296,0.012064,0.017048,0.006329,0.008319,-0.01642,0.005258,0,0.000644
2024-07-25,-0.010549,-0.006618,-0.006765,-0.012213,-0.010482,0,0.005892,-0.041841,-0.006303,0.007568
2024-07-26,-0.014012,-0.005802,-0.022056,-0.010909,-0.021186,-0.021452,-0.004556,-0.00655,-0.021142,0.008629
2024-07-29,0.002471,-0.016995,0.001658,0.00098,0.017316,0.008432,0.020922,0.004396,0.023758,-0.025456
2024-07-30,-0.000924,-0.012897,-0.00298,-0.025465,0,0.001672,-0.009286,-0.039387,0.006329,0.001951
2024-07-31,0.009562,0.029921,-0.008303,-0.001256,-0.023404,-0.023372,0.040724,0.02164,-0.023061,0.00768
2024-08-01,-0.000611,-0.02471,0.008707,-0.008553,0.008715,0.005128,0.000932,0.006689,0.006438,-0.032258
2024-08-02,-0.013146,-0.000512,0.003984,-0.007612,0.00432,0,-0.015513,-0.018826,0.002132,-0.017804
2024-08-05,-0.005576,0.017727,-0.011243,-0.016364,-0.004301,-0.001701,0.018594,-0.049661,-0.006383,-0.000508
2024-08-06,-0.012461,-0.003766,-0.014716,-0.008318,-0.012959,-0.011925,-0.060644,0.008314,-0.012848,-0.011582
2024-08-07,-0.003785,0.007688,0.009844,0.019135,-0.004376,0.003448,-0.024045,0.011779,0.002169,-0.007316
2024-08-08,0.011083,0.010731,0.001008,0.000257,0.004396,0.008591,-0.002362,-0.004657,0,-0.007313
2024-08-09,0.012527,0.004271,-0.008059,0.004114,0.008753,0.008518,-0.006766,0.022222,0.002165,-0.013921
2024-08-12,-0.006496,-0.000487,-0.012187,0.006402,0.006508,0.011824,0.004428,-0.003432,0.006479,-0.005882
2024-08-13,-0.005604,-0.009115,0.002742,-0.005598,0.00431,0.001669,0.006443,0.009185,0.008584,0.028284
2024-08-14,-0.002505,-0.006824,0.009911,0.001279,0,0.003333,-0.008086,-0.001138,0.004255,-0.009034
2024-08-15,0.028249,0.009616,0.00846,0.027089,0.004292,0.004983,0.025815,0.009112,0.006356,0.00691
2024-08-16,0.011905,0.003021,-0.00604,0.00846,0.017094,0.014876,0.015894,0.01693,0.012632,0.001269
2024-08-19,0.008145,-0.004025,0.003714,-0.004441,0.027311,0.021173,0.023142,0.006659,0.022869,0.011404
2024-08-20,0.001795,-0.001908,-0.002691,-0.016357,0.006135,0.019139,-0.003823,-0.019846,0.00813,-0.004157
2024-08-21,-0.007168,-0.003613,0.003373,0.002016,-0.010163,-0.014085,-0.002558,0.004499,-0.002016,-0.004918
2024-08-22,0.001805,-0.005312,0.016471,0.004023,0.008214,0.019048,0.006412,-0.003359,0.024242,0.027527
2024-08-23,0.012012,0.003503,-0.010913,0.008765,0.002037,0.006231,0.021344,0.003371,0.001972,0.016779
2024-08-26,0.002077,-0.002113,-0.003009,0.001738,0,-0.004644,0.012165,0.013438,0,0.011661
2024-08-27,-0.002073,-0.005616,-0.000671,0.033457,0.012195,0.015552,0.010786,0.029834,0.017717,-0.002284
2024-08-28,-0.000593,-0.010733,0.000671,-0.006954,-0.008032,-0.006126,-0.006098,-0.015021,-0.009671,-0.003706
2024-08-29,-0.022268,0.017495,-0.015426,-0.015938,-0.046559,-0.041602,-0.003067,-0.030501,-0.041016,-0.011049
2024-08-30,-0.023687,0.021149,0.000681,-0.004908,-0.04034,-0.038585,0.027077,0.003371,-0.02444,0.01958
2024-09-02,-0.006843,-0.033391,0.011232,0.01307,0.037611,-0.006689,0.023667,0.008959,0.022965,-0.017088
2024-09-03,-0.009709,0.010753,-0.020195,-0.021908,-0.044776,-0.030303,0.001171,-0.033296,-0.028571,0.024615
2024-09-04,-0.008223,-0.007092,0.001374,-0.012942,0.008929,-0.008681,-0.012277,-0.052813,-0.004202,0.00808
2024-09-05,-0.005102,0.003486,-0.001029,-0.023701,-0.004425,-0.014011,0.00947,-0.014545,-0.006329,-0.00187
2024-09-06,0.001603,-0.004897,-0.000687,-0.017562,0.002222,0.001776,-0.003225,-0.01107,0.002123,-0.00455
2024-09-09,-0.03232,-0.016452,0.008591,-0.021556,0.002217,-0.005319,-0.007353,-0.027363,-0.008475,-0.004302
2024-09-10,-0.001653,0.002182,-0.006814,0.007254,0.017699,0.010695,0.001185,0.01023,0.025641,-0.02155
2024-09-11,-0.003644,0.001451,-0.046312,-0.020005,-0.030435,-0.022928,-0.004143,-0.018987,-0.035417,0.029808
2024-09-12,0.004987,-0.032565,0.002158,0.02368,0.004484,0,0.005646,0.011613,0,0.014955
2024-09-13,0.012239,-0.023167,0.015793,0.006381,-0.008929,0.00361,0.007092,0.007653,-0.010799,-0.030895
2024-09-18,0.016667,-0.028548,0.000707,0.010304,0.013514,0.021583,0.030516,0.020253,0.015284,0.015804
2024-09-19,-0.009322,-0.004657,0.000353,-0.006276,0,-0.005282,-0.003702,0.001276,-0.008602,0.002682
2024-09-20,0.003894,0.002316,-0.006354,0.013158,0.008889,0.00354,0,0.007643,0.006508,-0.006956
2024-09-23,0.014544,-0.001883,0.001776,0.015584,0.017621,0.008818,0.015433,0.012642,0.010776,0.014009
2024-09-24,0.055432,0.088035,0.019858,0.053197,0.038961,0.048951,0.035744,0.043695,0.044776,0.049522
2024-09-25,0.030788,0.019234,0.005911,0.01457,0.008333,0.006667,0.035326,0.004785,0,0.02825
2024-09-26,0.036018,0.092924,0.006913,0.022738,0.010331,0.02649,0.029659,-0.00119,0.018367,0.011866
2024-09-27,0.007066,0.065533,-0.004806,-0.021531,-0.038855,-0.030645,0.019628,-0.001192,-0.024048,0.103645
2024-09-30,0.055571,0.072919,0.036564,0.042813,0.021277,0.028286,0.1,0.076372,0.026694,0.110577
2024-10-08,0.063547,-0.014302,-0.027621,-0.026606,-0.008333,-0.009709,0.1,0.035477,-0.006,0.187026
2024-10-09,-0.07475,-0.074202,-0.02293,-0.049246,-0.018908,-0.013072,-0.1,-0.095289,-0.032193,-0.147157
2024-10-10,0.046474,0.028116,0.022067,0.064436,0.03212,0.038079,0.008953,0.03432,0.04158,0.011765
2024-10-11,-0.007746,-0.021348,0.001028,-0.008149,0.002075,0,-0.028441,-0.004577,0.001996,-0.062829
2024-10-14,0.023419,-0.001869,0.004793,0.001643,0.041408,0.031898,0.030679,0.005747,0.023904,0.032797
2024-10-15,-0.021103,-0.0298,-0.016014,-0.020155,-0.021869,-0.032457,-0.029993,-0.036571,-0.023346,-0.034038
2024-10-16,0.025974,-0.020428,-0.005886,-0.006697,0.020325,0.015974,0.005856,-0.001186,0.015936,-0.030553
2024-10-17,-0.02557,-0.018325,-0.014281,-0.013003,-0.007968,-0.011006,-0.004425,-0.008314,-0.009804,-0.010049
2024-10-18,0.014549,0.031045,0.004594,0.024152,-0.004016,0.004769,0.02152,0.022754,0,0.079438
2024-10-21,-0.005122,-0.007917,-0.016532,-0.015722,-0.024194,-0.025316,0.002061,-0.009368,-0.019802,0.013886
2024-10-22,0.008237,0.009288,0.004292,0.002904,0.004132,-0.003247,-0.001371,0,-0.00202,-0.011091
2024-10-23,0.01251,0.015878,-0.000712,-0.009411,-0.002058,0,0.029748,0.002364,0.004049,-0.004989
2024-10-24,-0.008825,-0.009761,-0.002138,0.005847,0.004124,0.003257,-0.015556,-0.003538,-0.002016,-0.012595
2024-10-25,-0.005342,0.004284,-0.016429,-0.008719,-0.010267,-0.006494,-0.007675,-0.007101,-0.008081,0.051674
2024-10-28,-0.014834,0.003945,0,0.004153,-0.012448,-0.00817,-0.014559,-0.002384,-0.00611,-0.010198
2024-10-29,0.002077,-0.021329,0.006173,-0.00292,0.006303,-0.001647,0.001385,-0.020311,0.004098,-0.017406
2024-10-30,-0.018653,0.000248,0,-0.013177,-0.016701,-0.008251,-0.023052,-0.010976,-0.014286,-0.014894
2024-10-31,-0.013728,-0.002748,-0.004691,-0.009891,0.004246,0.004992,-0.011798,-0.001233,-0.00207,-0.008265
2024-11-01,0.017398,0.003901,0.014503,0.025724,0.010571,0.018212,0.015998,0.024691,0.012448,0.000894
2024-11-04,0.019469,0.009421,-0.002859,-0.007792,0,-0.003252,0.006816,-0.012048,0.002049,0.020309
2024-11-05,0.008516,0.018596,-0.001434,0.006871,0.004184,0.003263,0.064192,0.009756,0.00409,0.040565
2024-11-06,-0.013306,-0.003798,-0.012922,-0.017061,-0.00625,-0.009756,-0.020838,-0.002415,-0.004073,-0.018708
2024-11-07,0.026193,0.049739,0.012,0.011902,0.006289,0.009852,0.09991,0.010896,0.006135,0.024561
2024-11-08,-0.019459,-0.023752,-0.007546,-0.015192,-0.008333,-0.006504,-0.003055,-0.011976,-0.012195,-0.020167
2024-11-11,-0.012113,-0.007429,-0.005069,-0.020154,-0.014706,-0.011457,-0.031869,-0.019394,-0.010288,0.038835
2024-11-12,-0.019306,-0.013022,-0.018559,-0.011935,-0.008529,-0.006623,-0.03946,-0.011125,-0.004158,0.020636
2024-11-13,0.006119,0.000824,0.015573,0.011822,0.002151,0.006667,-0.002868,0.00875,0.006263,0.032891
2024-11-14,0.006346,-0.002978,0.001095,0.006096,0.006438,0.004967,0.012392,-0.004957,0.004149,-0.024823
2024-11-15,-0.006306,-0.009404,-0.01167,0.01338,0.002132,-0.003295,-0.023388,0,0.004132,-0.034327
2024-11-18,0.002115,0,0.011808,0.032138,0.021277,0.02314,0.000895,0.014944,0.028807,-0.009941
2024-11-19,-0.004749,-0.010956,-0.001823,-0.007724,-0.010417,-0.006462,-0.009168,-0.002454,-0.004,0.02206
2024-11-20,-0.006363,0.001874,0.009134,-0.001703,0.004211,-0.001626,-0.002934,0,-0.004016,-0.004354
2024-11-21,-0.001334,0.000207,0.00181,0.003655,0,-0.001629,0.004753,-0.00246,0,0.002654
2024-11-22,-0.026182,-0.024147,-0.014817,-0.033746,-0.014675,-0.013051,-0.059022,-0.01233,-0.010081,-0.034146
2024-11-25,-0.00631,-0.006135,-0.004769,0.007789,0.006383,0.003306,-0.019392,0.002497,0,0.019298
2024-11-26,0.004694,0.00696,-0.004792,-0.007729,0.016913,0.014827,0.008057,-0.001245,0.016293,-0.027944
2024-11-27,0.005771,0.00666,0.014444,0.020101,0.004158,0.006494,0.024703,0.001247,0.01002,0.012387
2024-11-28,-0.003552,-0.000691,0.00146,-0.008128,0.004141,-0.001613,-0.016308,0,-0.001984,-0.020008
2024-11-29,-0.003565,0.005099,-0.00401,-0.007698,-0.008247,-0.006462,0.011533,0.001245,-0.003976,0.025677
2024-12-02,0.004678,-0.000485,0.010615,-0.008759,0.002079,-0.003252,0.009739,-0.002488,0,0.003637
2024-12-03,0.016708,0.001141,0.012314,0.015653,0.014523,0.013051,0.013879,0.009975,0.015968,-0.001335
2024-12-04,-0.008351,-0.004415,0.017889,0.046483,0.00409,0.008052,-0.013921,0.041975,0.003929,-0.010961
2024-12-05,0.002717,-0.005921,-0.005272,-0.004276,0.002037,0,-0.008471,-0.017773,-0.005871,-0.011469
2024-12-06,0.021403,0.006625,-0.00424,0.010019,0.006098,0.009585,0.038443,0.003619,0.003937,0.041211
2024-12-09,0,-0.001453,0.008162,0.003779,0.012121,0,0.007084,0.013221,0.009804,0.005627
2024-12-10,0.023873,0.018297,-0.013728,0.000941,0.007984,0.015823,0.003631,-0.008304,0.01165,0.009401
2024-12-11,-0.007772,-0.007106,0.005353,0.019746,-0.015842,-0.017134,-0.021931,0.010766,-0.015355,-0.012825
2024-12-12,0.013055,0.019667,0.008165,-0.006224,0.012072,0.017433,0.020573,0,0.013645,0.024747
2024-12-13,-0.03866,-0.029889,0.011268,-0.01183,-0.005964,-0.004673,-0.0453,-0.020118,-0.003846,-0.024405
2024-12-16,0.011796,0.005398,0.019499,0.019953,0.022,0.021909,-0.01898,0.020531,0.015444,0.000637
2024-12-17,0.002915,0.020168,-0.000342,-0.01496,-0.001957,-0.003063,0.004837,0.00355,0.003802,0.024701
2024-12-18,0.017701,0.008665,0.005125,0.006075,0,0.012289,0.002166,0.003538,0,-0.008729
2024-12-19,-0.01298,-0.013038,-0.005438,-0.010451,-0.011765,-0.015175,0.003122,-0.010576,-0.00947,-0.005969
2024-12-20,-0.002893,-0.003359,-0.002051,-0.029805,0,0.006163,-0.00814,-0.009501,0.005736,-0.026243
2024-12-23,0.011606,0.002924,0.012671,0.010643,0.029762,0.026034,0.002655,0.028777,0.019011,0.003007
2024-12-24,0.022686,0.008104,0.008116,-0.000957,0.011561,0.01194,0.022629,0.02331,0.01306,0.017951
2024-12-25,0.004589,-0.005732,-0.000671,0.027791,0.011429,0.023599,0.005179,0.027335,0.014733,-0.000969
2024-12-26,0.00203,-0.001444,-0.015777,-0.017949,-0.001883,-0.001441,0,-0.005543,-0.001815,-0.025077
2024-12-27,-0.003546,0.000772,0.009891,0.001424,0.001887,-0.001443,-0.004215,-0.005574,-0.003636,0.002871
2024-12-30,0.007117,-0.002597,-0.006754,0.013984,0.011299,0.004335,0.011994,0.008969,0.009124,0.017481
2024-12-31,-0.008077,-0.000656,0.00476,0.016363,-0.005587,-0.004317,-0.025796,-0.006667,-0.003617,-0.002176
